age,gender,change_mood,mental_score,pop,rock,hip-hop/rap,country,classical,jazz,folk,metal,electronic/dance,others,Song,Danceability,Energy,Valence,Acousticness,Instrumentalness,Tempo,Key,Speechiness,1-2 hours,3-4 hours,Less than 1 hour,More than 5 hours,music_type_matches_mood,music_type_no_music_when_down,music_type_contrasts_mood,music_type_both
22,0.0,1,13.25,1,0,0,0,1,1,0,0,0,0,Under a blanket of blue - Ella Firzgerald & Louis Armstrong,0.28,0.21,0.68,0.92,0.05,72.4,5,0.04,1,0,0,0,1,0,0,0
22,0.0,0,6.000000000000001,1,0,1,0,0,0,0,0,1,0,ผิงไฟ - Max Jenmana,0.42,0.38,0.61,0.85,0.12,98.6,7,0.03,1,0,0,0,0,1,0,0
21,0.0,0,6.499999999999999,1,0,1,0,0,0,0,1,0,0,ใจพัง -Saran,0.56,0.74,0.22,0.31,0.02,126.8,9,0.06,0,0,1,0,0,1,0,0
22,1.0,1,4.25,1,1,0,0,0,0,0,0,1,1,Denial is a river - Doechi,0.77,0.68,0.48,0.18,0.02,139.2,1,0.18,1,0,0,0,1,0,0,0
20,1.0,1,5.5,0,1,1,0,0,0,0,0,1,1,She's gone Dance on de Disclosure,0.85,0.81,0.63,0.12,0.08,124.3,10,0.05,1,0,0,0,0,0,1,0
20,0.0,0,0.0,1,1,0,0,0,0,0,0,0,0,Plug in baby - Muse,0.52,0.94,0.61,0.15,0.03,137.6,4,0.07,0,1,0,0,1,0,0,0
21,0.0,1,6.75,1,1,1,0,0,0,0,0,1,0,Feo - Fiti y Fitipaldis,0.63,0.85,0.72,0.24,0.01,128.4,6,0.06,1,0,0,0,0,0,0,1
22,1.0,0,9.25,1,1,0,0,0,1,0,0,0,0,Someday - The Strokes,0.67,0.89,0.74,0.13,0.01,152.7,2,0.08,0,0,1,0,1,0,0,0
22,1.0,1,9.25,1,0,1,0,0,0,0,0,1,0,feel good - charlotte cardin,0.71,0.52,0.35,0.56,0.0,116.5,7,0.04,0,0,0,1,0,0,1,0
20,1.0,1,13.25,1,0,0,0,0,0,0,0,0,0,that's so true - gracie abrams,0.37,0.41,0.24,0.79,0.0,87.3,3,0.05,1,0,0,0,1,0,0,0
20,0.0,1,1.7500000000000004,1,0,1,0,0,0,0,0,1,1,"LET ME BE YOUR HALO - horja,neconi",0.63,0.84,0.54,0.19,0.32,133.2,9,0.07,0,1,0,0,1,0,0,0
21,1.0,1,8.75,1,0,1,0,0,0,0,0,1,1,Gone - Midi Memory,0.78,0.69,0.58,0.22,0.26,121.6,8,0.04,1,0,0,0,1,0,0,0
23,0.0,1,11.25,1,1,0,0,0,0,0,0,1,0,Disclosure - Seduction,0.84,0.91,0.73,0.08,0.54,124.8,1,0.06,0,1,0,0,1,0,0,0
22,0.0,0,13.5,0,1,1,0,1,0,0,0,0,1,A change is gonna come - Sam Cooke,0.33,0.44,0.58,0.88,0.02,69.2,5,0.05,1,0,0,0,1,0,0,0
21,1.0,0,2.250000000000001,1,0,1,0,0,0,0,0,0,0,"No one noticed, The Marias",0.56,0.49,0.62,0.68,0.17,98.3,3,0.04,0,1,0,0,1,0,0,0
21,0.0,1,5.5,1,0,1,0,1,1,0,0,0,0,Million Zamdane,0.73,0.68,0.41,0.16,0.0,125.6,11,0.32,1,0,0,0,0,1,0,0
20,0.0,1,8.25,1,1,1,0,0,0,0,0,0,1,Eyes Closed - Imagine Dragons,0.62,0.83,0.55,0.21,0.0,138.2,6,0.06,0,0,1,0,0,0,1,0
22,0.0,0,1.4999999999999991,0,1,1,0,0,0,0,0,1,0,Peur-Kerchak,0.61,0.74,0.38,0.22,0.04,124.5,9,0.09,0,0,1,0,0,0,1,0
20,1.0,1,-1.0000000000000009,1,1,1,0,0,0,0,0,1,0,Getting to know ya - Nao,0.79,0.66,0.72,0.38,0.01,118.2,2,0.04,0,0,0,1,1,0,0,0
20,0.0,1,10.0,1,1,0,0,1,1,1,0,0,0,Bummerland - AJR,0.68,0.72,0.63,0.31,0.0,126.7,7,0.07,1,0,0,0,0,0,1,0
22,0.0,0,7.5,1,1,0,0,0,0,0,0,0,0,I don't need no doctor - John Mayer,0.59,0.88,0.77,0.28,0.02,133.4,0,0.06,1,0,0,0,0,0,0,0
23,0.0,0,-18.75,1,1,1,1,1,1,1,1,1,1,The emptiness machine - Linkin Park,0.42,0.92,0.31,0.09,0.05,128.6,8,0.1,0,0,0,1,0,1,0,0
55,1.0,1,-4.25,0,0,0,1,1,0,0,0,0,1,California,0.67,0.58,0.82,0.41,0.01,108.3,5,0.04,0,0,1,0,0,0,0,0
26,0.0,1,8.5,0,1,0,1,0,1,0,1,1,0,Be Here Now - Basement,0.54,0.87,0.46,0.19,0.02,145.2,2,0.06,1,0,0,0,0,0,1,0
22,0.0,1,-0.7499999999999996,1,1,0,0,0,0,0,0,1,1,Ma meilleure ennemie - Stromae & Pomme,0.68,0.72,0.43,0.26,0.0,116.7,9,0.08,0,1,0,0,1,0,0,0
52,0.0,1,6.25,1,0,1,0,0,1,0,0,0,0,Bruno Mars / Lady Gaga Die with a smile,0.48,0.51,0.66,0.72,0.0,92.4,3,0.04,1,0,0,0,1,0,0,0
22,0.0,0,10.0,0,1,0,0,0,0,0,1,0,0,Skrzydlate ręce - enej,0.76,0.68,0.82,0.27,0.03,128.3,7,0.05,0,1,0,0,0,0,0,0
20,0.0,0,0.0,0,1,1,0,0,0,0,0,0,0,Black magic,0.74,0.67,0.58,0.19,0.07,123.4,10,0.06,1,0,0,0,0,1,0,0
20,0.0,1,6.0,1,0,1,0,0,0,0,0,1,0,PANDEMONIUM - Vald,0.69,0.78,0.43,0.12,0.0,129.6,1,0.28,1,0,0,0,0,0,0,0
22,0.0,1,9.75,0,1,0,0,0,0,0,0,1,0,"""Song 2"" - Blur",0.47,0.96,0.68,0.06,0.02,130.2,4,0.07,1,0,0,0,0,0,1,0
21,1.0,1,9.75,0,1,1,0,1,1,0,0,1,0,Bleed - Malcom Todd,0.48,0.83,0.32,0.24,0.01,134.7,8,0.05,0,0,0,1,1,0,0,0
20,0.0,0,4.5,0,0,0,0,1,0,0,0,0,1,La marche de Radetsky - Strauss,0.38,0.76,0.84,0.56,0.91,128.3,3,0.03,1,0,0,0,1,0,0,0
23,0.0,0,8.25,0,0,1,0,0,0,0,0,0,0,Nightmarez - Duvy,0.72,0.68,0.27,0.16,0.03,135.2,11,0.23,0,1,0,0,0,0,1,0
23,0.0,1,3.2499999999999996,0,1,0,0,1,1,0,0,0,1,Turangalila Symphony - Olivier Messiaen,0.21,0.78,0.48,0.67,0.93,96.5,6,0.03,1,0,0,0,0,0,0,0
22,0.0,1,14.0,1,0,0,0,0,0,0,0,0,1,Position Backshot - Blicassty,0.85,0.74,0.64,0.07,0.0,128.9,1,0.24,0,1,0,0,1,0,0,0
25,1.0,0,-5.5,1,0,0,0,0,0,0,0,0,0,360 - charli xcx,0.82,0.88,0.67,0.11,0.12,130.6,7,0.06,0,0,1,0,1,0,0,0
22,0.0,0,10.0,0,1,0,0,0,0,0,1,0,0,IGYEIH - Linkin Park,0.43,0.91,0.28,0.08,0.02,138.9,10,0.09,1,0,0,0,1,0,0,0
18,1.0,1,-4.25,1,0,1,0,0,0,0,0,0,1,Beyoncé - Diva,0.78,0.81,0.72,0.12,0.01,122.6,9,0.18,0,1,0,0,1,0,0,0
21,0.0,1,4.750000000000001,1,0,1,0,1,0,0,0,0,1,Etincelle (Maradona) - Tiakola,0.76,0.69,0.57,0.14,0.0,126.8,2,0.21,0,0,1,0,0,0,1,0
22,1.0,1,0.7499999999999996,1,0,0,0,1,0,0,0,0,1,Twinkle Twinkle - Peder Elias,0.63,0.52,0.74,0.59,0.03,102.4,5,0.04,0,1,0,0,1,0,0,0
23,0.0,0,-1.4999999999999991,0,0,0,0,0,0,0,0,0,1,I miss you - Radio Mix,0.73,0.67,0.44,0.16,0.06,122.3,8,0.05,1,0,0,0,0,1,0,0
21,0.0,1,8.0,0,1,1,0,1,0,0,0,0,1,"Capaz - Alleh, Yorghaki",0.65,0.72,0.48,0.21,0.01,124.7,3,0.12,1,0,0,0,1,0,0,0
22,1.0,1,15.5,1,1,1,0,0,0,0,0,0,0,Zombieboy - Lady Gaga,0.68,0.87,0.35,0.09,0.01,128.3,1,0.07,0,1,0,0,0,0,1,0
19,1.0,1,3.5,1,0,1,0,0,0,0,0,0,0,"ExtraL- Jennie, Doechii",0.81,0.79,0.58,0.12,0.02,132.6,11,0.16,1,0,0,0,1,0,0,0
22,1.0,1,13.0,1,1,1,0,1,0,0,1,0,1,Déjà vu - Taemin,0.76,0.82,0.63,0.15,0.02,124.5,7,0.06,0,0,0,1,1,0,0,0
21,1.0,0,3.2499999999999996,1,1,1,0,1,1,0,0,0,1,back to black - amy winehouse,0.54,0.63,0.28,0.59,0.01,109.8,9,0.08,0,1,0,0,1,0,0,0
25,0.0,1,-8.0,1,1,0,1,1,0,0,1,0,1,Yours to Hold - Skillet,0.48,0.85,0.43,0.16,0.0,127.3,4,0.05,0,0,0,1,0,0,1,0
21,0.0,1,8.25,1,0,1,0,0,0,0,1,0,0,"Isis - Joyner Lucas, Logic",0.71,0.68,0.42,0.18,0.0,128.6,2,0.32,1,0,0,0,1,0,0,0
21,1.0,0,5.25,1,0,1,0,0,0,0,0,0,0,Like jennie - jennie,0.79,0.73,0.68,0.14,0.02,126.7,10,0.08,0,1,0,0,0,1,0,0
20,1.0,1,13.75,1,0,0,0,0,0,0,0,0,0,Ordinary - Alex Warren,0.62,0.66,0.48,0.38,0.0,118.3,5,0.04,0,0,1,0,1,0,0,0
21,0.0,1,11.75,0,0,0,0,1,0,0,0,0,0,Also sprach Zarathoustra - Richard Strauss,0.15,0.83,0.42,0.76,0.94,86.4,3,0.02,1,0,0,0,1,0,0,0
21,1.0,1,10.75,1,0,0,0,0,0,0,0,0,1,Téléfoot- Luidji,0.67,0.59,0.42,0.31,0.01,112.6,8,0.18,0,0,1,0,0,0,1,0
19,1.0,1,-6.499999999999999,1,0,1,0,0,1,0,0,0,1,Baby don't like it - nct u,0.74,0.78,0.64,0.16,0.01,126.8,1,0.07,0,1,0,0,1,0,0,0
25,,1,12.25,1,1,0,0,0,0,0,0,0,0,Attached to you - Fletcher,0.69,0.62,0.58,0.28,0.0,119.3,6,0.05,0,0,1,0,1,0,0,0
21,1.0,0,0.7499999999999996,0,0,0,0,0,0,0,0,0,1,"See through - Primary (Feat. Gaeko, Zion.T)",0.78,0.64,0.72,0.24,0.03,112.5,9,0.09,1,0,0,0,1,0,0,0
22,1.0,0,-10.75,1,0,1,0,0,0,0,0,0,0,Mona Lisa jhope,0.76,0.71,0.57,0.19,0.02,124.3,7,0.12,0,0,1,0,1,0,0,0
21,0.0,0,1.25,1,1,1,0,0,1,0,0,0,0,Untilted - Blaxian,0.68,0.76,0.48,0.22,0.04,126.8,11,0.08,0,1,0,0,1,0,0,0
22,1.0,1,-3.2499999999999996,1,1,0,0,0,0,0,0,0,1,Breaking dishes,0.72,0.85,0.47,0.12,0.01,129.4,2,0.09,1,0,0,0,1,0,0,0
21,0.0,1,-4.750000000000001,0,1,1,0,0,0,0,0,0,0,Kassded - H JeuneCrack,0.74,0.76,0.38,0.14,0.0,128.5,1,0.23,1,0,0,0,1,0,0,0
22,,1,-3.75,1,0,1,1,0,1,1,0,1,1,Siren sounds (bonus) -Tate McRae,0.69,0.78,0.52,0.17,0.01,126.3,5,0.07,0,1,0,0,0,0,0,0
22,1.0,1,0.0,1,1,1,0,0,0,0,0,0,1,Quarter life (txt),0.65,0.58,0.42,0.33,0.05,108.6,8,0.05,0,1,0,0,1,0,0,0
22,0.0,0,5.0,0,0,0,0,0,0,0,0,1,1,Justinian - Farya Faraji,0.22,0.73,0.47,0.63,0.88,103.4,10,0.04,0,0,1,0,0,1,0,0
21,0.0,0,3.2499999999999996,0,0,1,0,0,0,0,0,0,0,Iverson - laylow,0.68,0.72,0.43,0.18,0.0,128.6,3,0.19,1,0,0,0,1,0,0,0
23,1.0,1,10.0,1,1,1,0,1,1,0,1,1,0,Régulation - Vald,0.64,0.73,0.37,0.16,0.0,127.8,1,0.26,1,0,0,0,0,0,1,0
22,1.0,0,-5.5,1,1,0,0,0,0,0,0,0,1,Simulation Swarm - Big Thief,0.56,0.61,0.48,0.68,0.12,108.3,6,0.04,0,1,0,0,1,0,0,0
21,1.0,0,18.0,1,1,1,0,0,0,0,0,0,0,ZITTI E BUONI - Måneskin,0.56,0.93,0.69,0.08,0.02,138.7,4,0.08,0,1,0,0,1,0,0,0
22,1.0,1,-3.500000000000001,1,0,1,0,0,0,0,0,0,0,petite soeur - Houdi,0.62,0.54,0.37,0.35,0.0,102.6,9,0.14,1,0,0,0,0,0,1,0
23,0.0,1,11.25,1,0,1,0,0,0,0,0,0,0,Nan Adicha - Vijay Anthony,0.58,0.82,0.64,0.31,0.04,128.4,7,0.08,1,0,0,0,1,0,0,0
24,1.0,0,2.5,1,1,0,0,0,0,1,0,1,0,Bling-Bang-Bang-Born - Creepy Nuts,0.72,0.79,0.68,0.15,0.01,132.6,2,0.13,1,0,0,0,0,0,1,0
21,1.0,1,10.75,1,0,0,0,0,1,0,0,0,0,Éternité - Jazzy Bazz & Nekfeu,0.64,0.68,0.41,0.24,0.0,116.7,11,0.22,1,0,0,0,1,0,0,0
24,0.0,1,8.25,1,1,1,0,0,0,0,0,0,1,Mona Lisa-Dominic Fike,0.68,0.59,0.62,0.42,0.02,114.3,5,0.06,0,1,0,0,1,0,0,0
21,1.0,1,-2.250000000000001,0,0,1,0,0,0,0,0,0,1,Sunshine &rain - kali uchis,0.76,0.52,0.78,0.47,0.03,103.6,8,0.05,1,0,0,0,1,0,0,0
29,1.0,0,1.9999999999999996,1,1,0,0,0,0,0,0,1,1,Want - Taemin,0.73,0.82,0.57,0.14,0.02,124.8,10,0.07,0,0,0,1,1,0,0,0
31,0.0,0,11.5,1,1,0,0,0,1,0,0,1,1,Fake Love (orchestral) - MDP,0.32,0.76,0.26,0.62,0.78,113.7,3,0.04,1,0,0,0,1,0,0,0
17,0.0,0,7.5,1,1,1,0,0,0,0,0,1,0,Runnin' - Adam Lambert,0.68,0.85,0.64,0.16,0.0,128.4,6,0.06,1,0,0,0,0,0,0,0
21,1.0,0,3.75,1,1,1,0,0,0,0,0,1,0,Blue Lights-Jorja Smith,0.58,0.48,0.32,0.67,0.02,94.6,9,0.08,1,0,0,0,1,0,0,0
22,,1,0.7499999999999996,1,1,1,1,0,1,1,0,1,0,imgonnagetyouback - taylor swift,0.63,0.74,0.46,0.24,0.0,122.8,4,0.05,0,1,0,0,0,0,0,0
21,1.0,0,11.75,1,0,0,0,0,0,0,0,0,1,Ojos tristes - Selena Gomez,0.71,0.48,0.63,0.58,0.04,96.3,7,0.04,1,0,0,0,1,0,0,0
22,0.0,0,-5.499999999999998,0,0,0,0,0,0,0,0,1,1,"Nightcore Sexy, Naughty, Bitchy Me - Nightcore Wolfie",0.84,0.92,0.76,0.06,0.03,146.8,1,0.09,0,0,0,1,0,0,0,0
16,1.0,1,0.5000000000000004,1,0,1,0,0,0,1,0,0,1,Risk Gracie Abrams,0.48,0.53,0.38,0.72,0.01,98.6,5,0.04,0,0,0,1,0,0,0,0
21,1.0,1,7.5,1,1,1,0,0,0,0,0,0,0,Nouvelles - PLK,0.69,0.64,0.43,0.21,0.0,124.3,8,0.25,1,0,0,0,1,0,0,0
19,1.0,1,-1.9999999999999996,1,0,0,0,0,0,0,0,0,0,Subeme la radio - Enrique Iglesias,0.82,0.78,0.85,0.18,0.0,126.4,2,0.06,0,1,0,0,0,0,0,0
26,0.0,1,6.75,1,0,0,0,0,0,0,0,1,0,The Beginning - Sullivan King,0.48,0.96,0.52,0.07,0.12,148.6,11,0.08,0,1,0,0,0,0,1,0
22,0.0,1,6.0,1,1,1,0,1,0,0,0,0,0,São Paulo - The Weeknd,0.76,0.68,0.54,0.26,0.06,118.3,6,0.05,0,0,1,0,0,0,1,0
22,1.0,1,9.25,1,0,1,0,1,0,0,0,0,1,Pirate-Stormy,0.74,0.82,0.62,0.13,0.02,128.7,10,0.08,1,0,0,0,0,0,1,0
21,1.0,1,-2.9999999999999982,1,1,1,0,1,1,0,0,0,0,Bitter sweet symphony - the verve,0.52,0.67,0.43,0.38,0.14,118.5,3,0.04,1,0,0,0,1,0,0,0
30,0.0,1,8.0,1,1,1,1,1,1,0,1,1,0,I WANNA BE YOURS - Arctic Monkeys,0.48,0.59,0.36,0.42,0.08,104.7,9,0.05,0,1,0,0,0,0,1,0
22,1.0,1,10.25,1,0,1,0,0,0,0,0,0,0,"Buscando - GTA, Jenn Morel",0.84,0.83,0.74,0.12,0.01,127.6,1,0.15,1,0,0,0,1,0,0,0
18,0.0,1,-1.0000000000000009,1,0,0,0,1,0,0,0,0,1,Earthquake - Jisoo,0.76,0.79,0.68,0.16,0.01,124.8,5,0.07,1,0,0,0,0,0,0,0
18,0.0,1,0.0,1,1,0,0,0,0,0,1,0,0,The box - roddy ricch,0.74,0.78,0.52,0.13,0.0,126.4,8,0.22,0,0,0,1,0,0,1,0
24,0.0,1,3.0000000000000004,0,1,1,0,1,0,0,0,0,1,Les plus bornés - Léman,0.58,0.62,0.46,0.35,0.0,116.8,4,0.12,0,0,1,0,0,0,0,0
18,0.0,1,7.0,1,1,0,0,0,0,0,0,0,0,May I ask - Luke Chiand,0.53,0.48,0.66,0.73,0.04,96.4,7,0.04,1,0,0,0,1,0,0,0
21,1.0,0,13.0,1,0,0,0,0,0,0,0,0,1,En barranquilla me quedo - Joe Arroyo,0.85,0.76,0.92,0.28,0.03,124.6,11,0.06,1,0,0,0,0,0,1,0
21,1.0,0,7.0,1,1,1,0,1,1,0,0,1,1,Kifak inta - fairuz,0.42,0.38,0.68,0.82,0.06,88.4,6,0.05,0,1,0,0,1,0,0,0
19,1.0,1,5.75,1,0,1,0,0,0,0,0,0,0,Meuda - Tiakola,0.73,0.68,0.52,0.19,0.0,128.6,1,0.24,0,1,0,0,1,0,0,0
18,0.0,1,-2.5,0,0,1,0,0,0,0,0,0,0,Anderson Park - Dali,0.68,0.72,0.64,0.32,0.02,112.6,8,0.07,0,1,0,0,1,0,0,0
19,1.0,1,-1.7500000000000004,0,0,1,0,0,1,0,0,0,1,Like Him - Tyler the creator,0.71,0.64,0.46,0.28,0.01,116.4,3,0.18,0,1,0,0,1,0,0,0
20,0.0,1,-4.750000000000001,1,0,1,0,1,0,0,0,1,0,One Call Away - Charlie Puth,0.67,0.56,0.72,0.48,0.0,106.8,5,0.04,0,0,1,0,0,0,1,0
22,0.0,1,5.5,1,0,1,1,0,0,0,0,0,1,Soft spot - keshi,0.68,0.42,0.58,0.76,0.03,98.4,9,0.05,0,1,0,0,1,0,0,0
20,1.0,1,5.0,1,1,0,0,0,0,0,0,0,0,Happy - Pharrell Williams,0.83,0.72,0.96,0.21,0.0,126.3,2,0.06,1,0,0,0,0,0,1,0
19,,0,5.249999999999999,1,1,0,0,0,1,0,0,1,0,NEMONEMO - YENA,0.78,0.82,0.73,0.16,0.02,127.4,10,0.06,0,0,0,1,0,0,0,0
23,0.0,1,5.0,1,1,0,0,0,0,0,1,0,0,シルエット－Kana-boom,0.71,0.79,0.68,0.23,0.04,132.6,7,0.05,1,0,0,0,0,0,0,0
22,0.0,1,1.25,1,1,0,0,0,1,0,0,0,0,กลัว - tattoo colour,0.52,0.64,0.37,0.48,0.01,114.7,3,0.04,1,0,0,0,0,0,1,0
21,1.0,1,-0.2500000000000002,1,1,1,0,0,0,0,0,0,0,果てない空/嵐,0.63,0.58,0.72,0.52,0.03,106.8,5,0.03,1,0,0,0,0,0,0,0
23,1.0,1,2.5,1,1,0,0,0,0,0,1,0,0,オレンジ - spyair,0.68,0.74,0.62,0.28,0.01,124.6,9,0.04,1,0,0,0,0,0,0,0
23,1.0,1,3.2499999999999996,1,0,1,0,0,0,0,0,0,1,Mona Lisa - Jhope,0.76,0.72,0.58,0.18,0.01,126.5,1,0.13,1,0,0,0,1,0,0,0
22,1.0,0,0.5000000000000004,1,0,0,0,0,0,0,0,0,0,shape of you,0.83,0.66,0.78,0.32,0.0,122.8,6,0.05,1,0,0,0,0,1,0,0
19,1.0,1,9.25,1,1,0,0,1,0,0,1,0,0,Toxic Garbage Island - Gojira,0.33,0.98,0.24,0.03,0.42,178.4,11,0.14,0,1,0,0,0,0,1,0
21,0.0,1,-1.7500000000000004,1,1,1,1,1,1,1,1,1,1,Hot 2 Hot 4eve,0.86,0.84,0.73,0.09,0.02,128.6,8,0.08,0,1,0,0,0,0,1,0
22,0.0,1,13.25,1,0,0,0,1,1,0,0,0,0,Killer tune kills me - kirinji,0.73,0.67,0.76,0.41,0.04,118.4,7,0.05,1,0,0,0,1,0,0,0
22,0.0,0,6.000000000000001,1,0,1,0,0,0,0,0,1,0,Better Together - Jack Johnson,0.68,0.42,0.82,0.84,0.02,102.4,2,0.04,1,0,0,0,0,1,0,0
21,0.0,0,6.499999999999999,1,0,1,0,0,0,0,1,0,0,That's So True - Gracie Abrams,0.42,0.51,0.32,0.76,0.0,92.6,5,0.05,0,0,1,0,0,1,0,0
22,1.0,1,4.25,1,1,0,0,0,0,0,0,1,1,Cinderella - Remi Wolf,0.74,0.63,0.68,0.38,0.01,114.8,10,0.06,1,0,0,0,1,0,0,0
20,1.0,1,5.5,0,1,1,0,0,0,0,0,1,1,Raingurl de Yaeji,0.82,0.76,0.58,0.12,0.24,124.7,3,0.07,1,0,0,0,0,0,1,0
20,0.0,0,0.0,1,1,0,0,0,0,0,0,0,0,L'amour de ma vie - Billie Eilish,0.42,0.38,0.54,0.88,0.01,84.6,9,0.04,0,1,0,0,1,0,0,0
21,0.0,1,6.75,1,1,1,0,0,0,0,0,1,0,Carnaval Breve - David Mackay,0.76,0.84,0.87,0.21,0.45,136.8,1,0.05,1,0,0,0,0,0,0,1
22,1.0,0,9.25,1,1,0,0,0,1,0,0,0,0,The girl from hipanema,0.68,0.32,0.74,0.91,0.08,96.4,4,0.04,0,0,1,0,1,0,0,0
22,1.0,1,9.25,1,0,1,0,0,0,0,0,1,0,sensation - houdi,0.72,0.64,0.48,0.26,0.0,124.3,7,0.16,0,0,0,1,0,0,1,0
20,1.0,1,13.25,1,0,0,0,0,0,0,0,0,0,busy woman - sabrina carpenter,0.75,0.68,0.62,0.28,0.0,118.7,5,0.05,1,0,0,0,1,0,0,0
20,0.0,1,1.7500000000000004,1,0,1,0,0,0,0,0,1,1,Take my heart - overrated,0.64,0.72,0.54,0.31,0.01,126.4,8,0.06,0,1,0,0,1,0,0,0
21,1.0,1,8.75,1,0,1,0,0,0,0,0,1,1,UN AUTRE JOUR - FEMTOGO,0.71,0.68,0.42,0.24,0.01,128.6,2,0.21,1,0,0,0,1,0,0,0
23,0.0,1,11.25,1,1,0,0,0,0,0,0,1,0,Coldplay - Higher Power,0.69,0.82,0.76,0.18,0.02,130.4,6,0.04,0,1,0,0,1,0,0,0
22,0.0,0,13.5,0,1,1,0,1,0,0,0,0,1,Encore et encore - Francis Cabrel,0.53,0.48,0.68,0.82,0.01,96.7,9,0.04,1,0,0,0,1,0,0,0
21,1.0,0,2.250000000000001,1,0,1,0,0,0,0,0,0,0,"Music box , Survivor",0.42,0.88,0.36,0.12,0.62,132.8,3,0.06,0,1,0,0,1,0,0,0
21,0.0,1,5.5,1,0,1,0,1,1,0,0,0,0,Retrouver l'aube Colors,0.62,0.59,0.71,0.52,0.05,108.6,5,0.05,1,0,0,0,0,1,0,0
20,0.0,1,8.25,1,1,1,0,0,0,0,0,0,1,Birds - Imagine Dragons,0.58,0.72,0.64,0.32,0.01,124.6,1,0.04,0,0,1,0,0,0,1,0
22,0.0,0,1.4999999999999991,0,1,1,0,0,0,0,0,1,0,La bandite-Jul,0.72,0.68,0.57,0.21,0.0,128.4,10,0.19,0,0,1,0,0,0,1,0
20,1.0,1,-1.0000000000000009,1,1,1,0,0,0,0,0,1,0,YOU'RE THE ONE - KAYTRANADA,0.84,0.72,0.68,0.16,0.32,122.6,7,0.05,0,0,0,1,1,0,0,0
20,0.0,1,10.0,1,1,0,0,1,1,1,0,0,0,Let's Kill Tonight - Panic! at the Disco,0.67,0.86,0.54,0.14,0.0,136.8,4,0.08,1,0,0,0,0,0,1,0
22,0.0,0,7.5,1,1,0,0,0,0,0,0,0,0,Sympathy for the devil - The rolling stones,0.64,0.78,0.62,0.27,0.02,124.3,8,0.07,1,0,0,0,0,0,0,0
23,0.0,0,-18.75,1,1,1,1,1,1,1,1,1,1,Romeo And Julie - Dire Straits,0.58,0.62,0.68,0.53,0.07,110.6,3,0.05,0,0,0,1,0,1,0,0
55,1.0,1,-4.25,0,0,0,1,1,0,0,0,0,1,Take me a church,0.42,0.56,0.32,0.68,0.0,98.7,11,0.04,0,0,1,0,0,0,0,0
26,0.0,1,8.5,0,1,0,1,0,1,0,1,1,0,El Tesoro - Él Mató A Un Policía Motorizado,0.62,0.83,0.57,0.16,0.12,134.7,2,0.06,1,0,0,0,0,0,1,0
22,0.0,1,-0.7499999999999996,1,1,0,0,0,0,0,0,1,1,Ciel - GIMS,0.68,0.72,0.45,0.24,0.0,124.6,6,0.16,0,1,0,0,1,0,0,0
52,0.0,1,6.25,1,0,1,0,0,1,0,0,0,0,Georges Michael Careless Whisper,0.46,0.52,0.36,0.64,0.24,92.4,9,0.03,1,0,0,0,1,0,0,0
22,0.0,0,10.0,0,1,0,0,0,0,0,1,0,0,Check my brain - alice in chains,0.52,0.94,0.42,0.08,0.03,140.6,1,0.08,0,1,0,0,0,0,0,0
20,0.0,0,0.0,0,1,1,0,0,0,0,0,0,0,Cinderella man,0.72,0.88,0.58,0.12,0.0,134.8,4,0.24,1,0,0,0,0,1,0,0
20,0.0,1,6.0,1,0,1,0,0,0,0,0,1,0,Here We Go Again - Oliver Tree,0.76,0.78,0.63,0.18,0.01,126.3,7,0.06,1,0,0,0,0,0,0,0
22,0.0,1,9.75,0,1,0,0,0,0,0,0,1,0,I wish I never loved you - Le Shiv,0.54,0.48,0.28,0.62,0.02,98.6,5,0.04,1,0,0,0,0,0,1,0
21,1.0,1,9.75,0,1,1,0,1,1,0,0,1,0,Feel Good Inc. - Gorillaz,0.78,0.72,0.65,0.24,0.14,122.8,10,0.07,0,0,0,1,1,0,0,0
20,0.0,0,4.5,0,0,0,0,1,0,0,0,0,1,Les trompettes de la renomée - Brassens,0.46,0.38,0.72,0.92,0.06,94.3,6,0.06,1,0,0,0,1,0,0,0
23,0.0,0,8.25,0,0,1,0,0,0,0,0,0,0,All Good Things Come To an End- Nelly Furtado,0.68,0.64,0.52,0.36,0.01,114.6,9,0.04,0,1,0,0,0,0,1,0
23,0.0,1,3.2499999999999996,0,1,0,0,1,1,0,0,0,1,A Love Surpreme - John Coltrane,0.34,0.62,0.46,0.84,0.78,108.7,2,0.03,1,0,0,0,0,0,0,0
22,0.0,1,14.0,1,0,0,0,0,0,0,0,0,1,Baby Tee - GALCHANIE,0.74,0.68,0.58,0.28,0.01,126.4,5,0.12,0,1,0,0,1,0,0,0
25,1.0,0,-5.5,1,0,0,0,0,0,0,0,0,0,Pink pony club - chapell roan,0.76,0.84,0.72,0.16,0.0,132.6,1,0.06,0,0,1,0,1,0,0,0
22,0.0,0,10.0,0,1,0,0,0,0,0,1,0,0,The Lost Art Of Keeping A Secret - Queens of the Stone Age,0.58,0.86,0.47,0.14,0.06,138.7,8,0.07,1,0,0,0,1,0,0,0
18,1.0,1,-4.25,1,0,1,0,0,0,0,0,0,1,That's so true - Gracie Abrams,0.42,0.51,0.32,0.76,0.0,92.6,3,0.05,0,1,0,0,1,0,0,0
21,0.0,1,4.750000000000001,1,0,1,0,1,0,0,0,0,1,Is This Love - XG,0.78,0.74,0.68,0.21,0.01,122.8,7,0.06,0,0,1,0,0,0,1,0
22,1.0,1,0.7499999999999996,1,0,0,0,1,0,0,0,0,1,"24/7, 356 - Elijah Woods",0.72,0.68,0.56,0.26,0.02,118.6,10,0.08,0,1,0,0,1,0,0,0
23,0.0,0,-1.4999999999999991,0,0,0,0,0,0,0,0,0,1,Stay Inside - Sandy Rivera Remix,0.83,0.76,0.64,0.12,0.42,124.7,1,0.05,1,0,0,0,0,1,0,0
21,0.0,1,8.0,0,1,1,0,1,0,0,0,0,1,De amor eu não morri - Lagum,0.68,0.54,0.82,0.62,0.03,102.4,6,0.04,1,0,0,0,1,0,0,0
22,1.0,1,15.5,1,1,1,0,0,0,0,0,0,0,Over the moon - TxT,0.74,0.79,0.62,0.18,0.01,128.6,9,0.06,0,1,0,0,0,0,1,0
19,1.0,1,3.5,1,0,1,0,0,0,0,0,0,0,Stunner- TEN,0.78,0.82,0.67,0.14,0.02,126.4,5,0.08,1,0,0,0,1,0,0,0
22,1.0,1,13.0,1,1,1,0,1,0,0,1,0,1,Vanilla - Kai,0.76,0.68,0.72,0.24,0.01,118.7,2,0.07,0,0,0,1,1,0,0,0
21,1.0,0,3.2499999999999996,1,1,1,0,1,1,0,0,0,1,she's always a woman - billy joel,0.46,0.52,0.68,0.79,0.02,94.6,8,0.04,0,1,0,0,1,0,0,0
25,0.0,1,-8.0,1,1,0,1,1,0,0,1,0,1,I Hope That I Don't Fall in Love with You - Tom Waits,0.38,0.32,0.42,0.94,0.03,84.6,11,0.05,0,0,0,1,0,0,1,0
21,0.0,1,8.25,1,0,1,0,0,0,0,1,0,0,Poupées russes - Kyo,0.62,0.75,0.47,0.28,0.01,124.3,6,0.07,1,0,0,0,1,0,0,0
21,1.0,0,5.25,1,0,1,0,0,0,0,0,0,0,Nokia - drake,0.68,0.72,0.42,0.15,0.0,128.6,1,0.21,0,1,0,0,0,1,0,0
20,1.0,1,13.75,1,0,0,0,0,0,0,0,0,0,Stargazing - Myles Smith,0.63,0.58,0.72,0.48,0.04,105.7,4,0.05,0,0,1,0,1,0,0,0
21,0.0,1,11.75,0,0,0,0,1,0,0,0,0,0,Espana - Emmanuel Chabrier,0.42,0.82,0.76,0.57,0.86,128.4,9,0.03,1,0,0,0,1,0,0,0
21,1.0,1,10.75,1,0,0,0,0,0,0,0,0,1,Someone in the crowd- Emma Stone,0.62,0.74,0.84,0.38,0.01,122.6,3,0.06,0,0,1,0,0,0,1,0
19,1.0,1,-6.499999999999999,1,0,1,0,0,1,0,0,0,1,Gelato - Stacy money,0.78,0.72,0.64,0.18,0.0,126.4,8,0.18,0,1,0,0,1,0,0,0
25,,1,12.25,1,1,0,0,0,0,0,0,0,0,Espresso - Sabrina Carpenter,0.82,0.78,0.72,0.14,0.0,130.6,5,0.07,0,0,1,0,1,0,0,0
21,1.0,0,0.7499999999999996,0,0,0,0,0,0,0,0,0,1,Yellow - Treasure,0.74,0.68,0.78,0.26,0.01,116.8,7,0.05,1,0,0,0,1,0,0,0
22,1.0,0,-10.75,1,0,1,0,0,0,0,0,0,0,"Voy a llevarte pa pr, bad bunny",0.84,0.76,0.67,0.18,0.0,128.3,10,0.16,0,0,1,0,1,0,0,0
21,0.0,0,1.25,1,1,1,0,0,1,0,0,0,0,Béni - BB Jacques,0.69,0.72,0.48,0.21,0.0,124.6,1,0.24,0,1,0,0,1,0,0,0
22,1.0,1,-3.2499999999999996,1,1,0,0,0,0,0,0,0,1,Hurts so good,0.65,0.59,0.42,0.38,0.01,112.7,6,0.06,1,0,0,0,1,0,0,0
21,0.0,1,-4.750000000000001,0,1,1,0,0,0,0,0,0,0,"Danse - Biga*Ranx, Atili",0.82,0.72,0.68,0.24,0.02,124.3,9,0.08,1,0,0,0,1,0,0,0
22,,1,-3.75,1,0,1,1,0,1,1,0,1,1,Im not waiting for you -Gabriel,0.68,0.58,0.54,0.48,0.0,108.6,3,0.05,0,1,0,0,0,0,0,0
22,1.0,1,0.0,1,1,1,0,0,0,0,0,0,1,"Distance m-Flo remix (hikari utada,m-Flo)",0.78,0.72,0.63,0.18,0.12,122.7,7,0.06,0,1,0,0,1,0,0,0
22,0.0,0,5.0,0,0,0,0,0,0,0,0,1,1,Chevalier mult estes guariz - ???,0.32,0.42,0.68,0.92,0.04,98.4,5,0.04,0,0,1,0,0,1,0,0
21,0.0,0,3.2499999999999996,0,0,1,0,0,0,0,0,0,0,Rich niggaz - J.Cole,0.72,0.64,0.42,0.36,0.01,118.6,8,0.26,1,0,0,0,1,0,0,0
23,1.0,1,10.0,1,1,1,0,1,1,0,1,1,0,Cupid's Girl - Marina,0.76,0.68,0.74,0.32,0.01,112.7,2,0.05,1,0,0,0,0,0,1,0
22,1.0,0,-5.5,1,1,0,0,0,0,0,0,0,1,Californiaca - La Gusana Ciega,0.68,0.78,0.62,0.24,0.02,126.4,10,0.06,0,1,0,0,1,0,0,0
21,1.0,0,18.0,1,1,1,0,0,0,0,0,0,0,2 On (feat. ScHoolboy) - Tinashe,0.82,0.76,0.63,0.14,0.0,124.8,1,0.12,0,1,0,0,1,0,0,0
22,1.0,1,-3.500000000000001,1,0,1,0,0,0,0,0,0,0,maddy - yoa,0.74,0.69,0.48,0.26,0.01,126.5,6,0.18,1,0,0,0,0,0,1,0
23,0.0,1,11.25,1,0,1,0,0,0,0,0,0,0,Manasilaayo - Anirudh Ravichander,0.68,0.72,0.78,0.44,0.03,116.8,9,0.05,1,0,0,0,1,0,0,0
24,1.0,0,2.5,1,1,0,0,0,0,1,0,1,0,That's What I Want - Lil Nas X,0.84,0.78,0.76,0.12,0.0,128.6,4,0.08,1,0,0,0,0,0,1,0
21,1.0,1,10.75,1,0,0,0,0,1,0,0,0,0,Get it together - Drake,0.76,0.64,0.58,0.26,0.02,122.4,7,0.14,1,0,0,0,1,0,0,0
24,0.0,1,8.25,1,1,1,0,0,0,0,0,0,1,Viva la vida-Coldplay,0.63,0.76,0.48,0.28,0.04,128.7,2,0.05,0,1,0,0,1,0,0,0
21,1.0,1,-2.250000000000001,0,0,1,0,0,0,0,0,0,1,You - coco Jones,0.72,0.68,0.64,0.32,0.0,114.6,5,0.06,1,0,0,0,1,0,0,0
29,1.0,0,1.9999999999999996,1,1,0,0,0,0,0,0,1,1,"The Motto - Tiesto, Ava Max",0.84,0.82,0.72,0.09,0.02,130.8,1,0.05,0,0,0,1,1,0,0,0
31,0.0,0,11.5,1,1,0,0,0,1,0,0,1,1,The stars get dark - INABAKUMORI,0.64,0.73,0.42,0.27,0.08,126.4,8,0.06,1,0,0,0,1,0,0,0
17,0.0,0,7.5,1,1,1,0,0,0,0,0,1,0,BLACK FLAG FREESTYLE - Denzel Curry,0.68,0.92,0.36,0.08,0.0,136.8,11,0.32,1,0,0,0,0,0,0,0
21,1.0,0,3.75,1,1,1,0,0,0,0,0,1,0,Sports Car - Tate McRae,0.76,0.72,0.64,0.24,0.0,124.6,3,0.07,1,0,0,0,1,0,0,0
22,,1,0.7499999999999996,1,1,1,1,0,1,1,0,1,0,sailor song - gigi perez,0.58,0.42,0.72,0.82,0.06,96.4,7,0.04,0,1,0,0,0,0,0,0
21,1.0,0,11.75,1,0,0,0,0,0,0,0,0,1,Back to friends - sombr,0.68,0.54,0.46,0.52,0.02,108.6,5,0.05,1,0,0,0,1,0,0,0
22,0.0,0,-5.499999999999998,0,0,0,0,0,0,0,0,1,1,UnRelatable - Zay Dante,0.74,0.68,0.42,0.21,0.0,128.7,9,0.22,0,0,0,1,0,0,0,0
16,1.0,1,0.5000000000000004,1,0,1,0,0,0,1,0,0,1,The crime Taylor Bickett,0.62,0.74,0.36,0.26,0.01,124.6,6,0.07,0,0,0,1,0,0,0,0
21,1.0,1,7.5,1,1,1,0,0,0,0,0,0,0,Oscar winning tears - Raye,0.68,0.58,0.42,0.48,0.0,112.7,2,0.06,1,0,0,0,1,0,0,0
19,1.0,1,-1.9999999999999996,1,0,0,0,0,0,0,0,0,0,Shivers - Ed Sheeran,0.74,0.82,0.68,0.18,0.0,128.4,8,0.05,0,1,0,0,0,0,0,0
26,0.0,1,6.75,1,0,0,0,0,0,0,0,1,0,"Getaway - Tritonal, Angel Taylor, Koven",0.76,0.86,0.64,0.12,0.08,132.6,1,0.04,0,1,0,0,0,0,1,0
22,0.0,1,6.0,1,1,1,0,1,0,0,0,0,0,Hey Now - Martin Solveig,0.84,0.78,0.72,0.14,0.04,126.8,10,0.06,0,0,1,0,0,0,1,0
22,1.0,1,9.25,1,0,1,0,1,0,0,0,0,1,Lovers-Anna of the North,0.62,0.58,0.74,0.48,0.02,104.7,5,0.04,1,0,0,0,0,0,1,0
21,1.0,1,-2.9999999999999982,1,1,1,0,1,1,0,0,0,0,The winner takes it all - ABBA,0.56,0.68,0.42,0.34,0.01,117.6,9,0.04,1,0,0,0,1,0,0,0
30,0.0,1,8.0,1,1,1,1,1,1,0,1,1,0,The gambler - kenny rogers,0.52,0.46,0.72,0.78,0.02,96.4,4,0.06,0,1,0,0,0,0,1,0
22,1.0,1,10.25,1,0,1,0,0,0,0,0,0,0,1-800-hot-n-fun - LE SSERAFIM,0.82,0.78,0.68,0.16,0.01,128.4,7,0.07,1,0,0,0,1,0,0,0
18,0.0,1,-1.0000000000000009,1,0,0,0,1,0,0,0,0,1,You see big girl - Sawano Hiroyuki,0.48,0.82,0.38,0.14,0.64,142.6,2,0.05,1,0,0,0,0,0,0,0
18,0.0,1,0.0,1,1,0,0,0,0,0,1,0,0,Pétunias - werenoi,0.68,0.62,0.48,0.32,0.0,118.6,6,0.19,0,0,0,1,0,0,1,0
24,0.0,1,3.0000000000000004,0,1,1,0,1,0,0,0,0,1,Don't look back in anger - Oasis,0.54,0.78,0.68,0.26,0.01,126.8,9,0.05,0,0,1,0,0,0,0,0
18,0.0,1,7.0,1,1,0,0,0,0,0,0,0,0,Die with a smile - Bruno Mars,0.48,0.52,0.62,0.78,0.0,94.6,3,0.04,1,0,0,0,1,0,0,0
21,1.0,0,13.0,1,0,0,0,0,0,0,0,0,1,Voy à llevarte pa pr - Bad Bunny,0.84,0.76,0.67,0.18,0.0,128.3,1,0.16,1,0,0,0,0,0,1,0
21,1.0,0,7.0,1,1,1,0,1,1,0,0,1,1,Staline - elgrande toto,0.68,0.73,0.42,0.24,0.0,126.5,8,0.28,0,1,0,0,1,0,0,0
19,1.0,1,5.75,1,0,1,0,0,0,0,0,0,0,Stay a little longer - Rosé,0.64,0.72,0.58,0.32,0.0,124.6,5,0.06,0,1,0,0,1,0,0,0
18,0.0,1,-2.5,0,0,1,0,0,0,0,0,0,0,Blue - Yung Kai,0.72,0.68,0.42,0.28,0.02,128.7,7,0.08,0,1,0,0,1,0,0,0
19,1.0,1,-1.7500000000000004,0,0,1,0,0,1,0,0,0,1,Dmtf - bad bunny,0.82,0.78,0.64,0.16,0.0,126.4,11,0.18,0,1,0,0,1,0,0,0
20,0.0,1,-4.750000000000001,1,0,1,0,1,0,0,0,1,0,Something Just Like This - Coldplay,0.72,0.78,0.68,0.22,0.01,126.8,4,0.05,0,0,1,0,0,0,1,0
22,0.0,1,5.5,1,0,1,1,0,0,0,0,0,1,รักปอนปอน - Micro,0.76,0.62,0.82,0.42,0.02,108.7,10,0.04,0,1,0,0,1,0,0,0
20,1.0,1,5.0,1,1,0,0,0,0,0,0,0,0,Feel Good Inc - Gorillaz,0.78,0.72,0.65,0.24,0.14,122.8,1,0.07,1,0,0,0,0,0,1,0
19,,0,5.249999999999999,1,1,0,0,0,1,0,0,1,0,Juno - Sabrina Carpenter,0.81,0.76,0.62,0.18,0.0,126.7,6,0.06,0,0,0,1,0,0,0,0
23,0.0,1,5.0,1,1,0,0,0,0,0,1,0,0,สองมาตรฐาน-Only Monday,0.68,0.56,0.44,0.64,0.01,104.8,9,0.05,1,0,0,0,0,0,0,0
22,0.0,1,1.25,1,1,0,0,0,1,0,0,0,0,Palette - IU,0.64,0.48,0.72,0.58,0.03,98.6,3,0.04,1,0,0,0,0,0,1,0
21,1.0,1,-0.2500000000000002,1,1,1,0,0,0,0,0,0,0,circles/seventeen,0.74,0.62,0.68,0.36,0.01,112.7,7,0.05,1,0,0,0,0,0,0,0
23,1.0,1,2.5,1,1,0,0,0,0,0,1,0,0,Puppet Can't Control you (Japanese Version) - One Ok Rock,0.52,0.88,0.48,0.14,0.02,142.8,2,0.08,1,0,0,0,0,0,0,0
23,1.0,1,3.2499999999999996,1,0,1,0,0,0,0,0,0,1,Deja Vu - TXT,0.76,0.82,0.64,0.18,0.01,128.7,5,0.07,1,0,0,0,1,0,0,0
22,1.0,0,0.5000000000000004,1,0,0,0,0,0,0,0,0,0,what makes you beautiful,0.82,0.78,0.86,0.21,0.0,126.4,8,0.06,1,0,0,0,0,1,0,0
19,1.0,1,9.25,1,1,0,0,1,0,0,1,0,0,Waking the Demon - Bullet For My Valentines,0.32,0.97,0.28,0.04,0.03,174.6,1,0.13,0,1,0,0,0,0,1,0
21,0.0,1,-1.7500000000000004,1,1,1,1,1,1,1,1,1,1,Sweetest Pie Megan Thee Stallion and Dua Lipa,0.78,0.74,0.68,0.16,0.0,124.8,10,0.14,0,1,0,0,0,0,1,0
22,0.0,1,13.25,1,0,0,0,1,1,0,0,0,0,omoikiri - indigo la end,0.64,0.72,0.58,0.38,0.02,116.7,6,0.05,1,0,0,0,1,0,0,0
22,0.0,0,6.000000000000001,1,0,1,0,0,0,0,0,1,0,New Light - John Mayer,0.74,0.58,0.76,0.42,0.03,106.8,9,0.04,1,0,0,0,0,1,0,0
21,0.0,0,6.499999999999999,1,0,1,0,0,0,0,1,0,0,กำเเพงหัวใจ - Mirr,0.62,0.54,0.48,0.68,0.01,98.6,3,0.05,0,0,1,0,0,1,0,0
22,1.0,1,4.25,1,1,0,0,0,0,0,0,1,1,Le Freak - CHIC,0.86,0.78,0.92,0.22,0.12,122.8,7,0.06,1,0,0,0,1,0,0,0
20,1.0,1,5.5,0,1,1,0,0,0,0,0,1,1,Cartoon sex de Miki,0.76,0.82,0.63,0.14,0.02,128.6,4,0.09,1,0,0,0,0,0,1,0
20,0.0,0,0.0,1,1,0,0,0,0,0,0,0,0,Best day ever - Mac Miller,0.72,0.64,0.86,0.32,0.01,114.7,8,0.08,0,1,0,0,1,0,0,0
21,0.0,1,6.75,1,1,1,0,0,0,0,0,1,0,"Young, Wild and Free - Snoop Dog",0.78,0.68,0.84,0.26,0.0,118.6,1,0.14,1,0,0,0,0,0,0,1
22,1.0,0,9.25,1,1,0,0,0,1,0,0,0,0,Un homme heureux - william sheller,0.46,0.42,0.76,0.88,0.02,94.6,6,0.05,0,0,1,0,1,0,0,0
22,1.0,1,9.25,1,0,1,0,0,0,0,0,1,0,wildflower - billie eilish,0.52,0.38,0.42,0.76,0.0,88.4,9,0.04,0,0,0,1,0,0,1,0
20,1.0,1,13.25,1,0,0,0,0,0,0,0,0,0,i love you i m sorry - gracie abrams,0.48,0.52,0.36,0.72,0.0,98.6,2,0.05,1,0,0,0,1,0,0,0
20,0.0,1,1.7500000000000004,1,0,1,0,0,0,0,0,1,1,Addicted - overrated,0.74,0.78,0.56,0.18,0.01,128.7,5,0.07,0,1,0,0,1,0,0,0
21,1.0,1,8.75,1,0,1,0,0,0,0,0,1,1,Trying to be cool - Phoenix,0.76,0.68,0.72,0.24,0.05,116.8,8,0.06,1,0,0,0,1,0,0,0
23,0.0,1,11.25,1,1,0,0,0,0,0,0,1,0,PJ - Everything in its right place,0.42,0.62,0.38,0.46,0.68,104.7,11,0.04,0,1,0,0,1,0,0,0
22,0.0,0,13.5,0,1,1,0,1,0,0,0,0,1,I believe to my soul - Ray Charles,0.58,0.64,0.74,0.78,0.03,112.6,3,0.06,1,0,0,0,1,0,0,0
21,1.0,0,2.250000000000001,1,0,1,0,0,0,0,0,0,0,"Dance into the moonlight, Jael",0.82,0.72,0.68,0.26,0.08,122.8,7,0.05,0,1,0,0,1,0,0,0
21,0.0,1,5.5,1,0,1,0,1,1,0,0,0,0,Bul ma miin Orchestra Baobab,0.74,0.62,0.86,0.58,0.18,108.7,1,0.04,1,0,0,0,0,1,0,0
20,0.0,1,8.25,1,1,1,0,0,0,0,0,0,1,HERE WE GO! - Lil Nas X,0.84,0.88,0.78,0.12,0.0,132.6,6,0.08,0,0,1,0,0,0,1,0
22,0.0,0,1.4999999999999991,0,1,1,0,0,0,0,0,1,0,Kids arent alright-The offspring,0.62,0.88,0.42,0.16,0.02,136.8,9,0.07,0,0,1,0,0,0,1,0
20,1.0,1,-1.0000000000000009,1,1,1,0,0,0,0,0,1,0,CHANCES - KAYTRANADA,0.82,0.76,0.68,0.18,0.36,124.7,5,0.05,0,0,0,1,1,0,0,0
20,0.0,1,10.0,1,1,0,0,1,1,1,0,0,0,The Temple Of The King - Rainbow,0.48,0.72,0.52,0.36,0.12,106.8,8,0.04,1,0,0,0,0,0,1,0
22,0.0,0,7.5,1,1,0,0,0,0,0,0,0,0,Dog days are over - Florence + the machine,0.64,0.78,0.68,0.32,0.02,124.6,2,0.05,1,0,0,0,0,0,0,0
23,0.0,0,-18.75,1,1,1,1,1,1,1,1,1,1,Lost For Words - Pink Floyd,0.34,0.58,0.42,0.64,0.42,96.8,7,0.03,0,0,0,1,0,1,0,0
55,1.0,1,-4.25,0,0,0,1,1,0,0,0,0,1,Diamonds,0.68,0.74,0.63,0.28,0.0,124.8,5,0.06,0,0,1,0,0,0,0,0
26,0.0,1,8.5,0,1,0,1,0,1,0,1,1,0,Día Tres - Canseco,0.72,0.64,0.58,0.42,0.03,116.7,9,0.07,1,0,0,0,0,0,1,0
22,0.0,1,-0.7499999999999996,1,1,0,0,0,0,0,0,1,1,APT - Rosé & Bruno Mars,0.76,0.72,0.64,0.24,0.0,124.6,1,0.06,0,1,0,0,1,0,0,0
52,0.0,1,6.25,1,0,1,0,0,1,0,0,0,0,Eddy Mitchell Couleur menthe à l'eau,0.52,0.46,0.72,0.82,0.04,98.7,4,0.05,1,0,0,0,1,0,0,0
22,0.0,0,10.0,0,1,0,0,0,0,0,1,0,0,Heaven beside you - alice in chains,0.48,0.78,0.36,0.32,0.04,128.6,10,0.06,0,1,0,0,0,0,0,0
20,0.0,0,0.0,0,1,1,0,0,0,0,0,0,0,Space bound,0.64,0.76,0.38,0.22,0.0,132.8,8,0.28,1,0,0,0,0,1,0,0
20,0.0,1,6.0,1,0,1,0,0,0,0,0,1,0,A dix - Kalash Criminel,0.68,0.74,0.42,0.16,0.0,126.5,3,0.32,1,0,0,0,0,0,0,0
22,0.0,1,9.75,0,1,0,0,0,0,0,0,1,0,Sunny Day - MR TOUT LE MONDE,0.72,0.62,0.84,0.38,0.02,108.7,6,0.05,1,0,0,0,0,0,1,0
21,1.0,1,9.75,0,1,1,0,1,1,0,0,1,0,Turquoise Galaxy - Yussef Dayes,0.62,0.74,0.58,0.42,0.63,114.8,9,0.04,0,0,0,1,1,0,0,0
20,0.0,0,4.5,0,0,0,0,1,0,0,0,0,1,Les cosaques - Choeur de Montjoie Saint-Denis,0.38,0.72,0.64,0.86,0.08,126.8,2,0.06,1,0,0,0,1,0,0,0
23,0.0,0,8.25,0,0,1,0,0,0,0,0,0,0,Somebody to You- The Vamps,0.74,0.78,0.76,0.22,0.0,124.7,5,0.05,0,1,0,0,0,0,1,0
23,0.0,1,3.2499999999999996,0,1,0,0,1,1,0,0,0,1,Ready To Fly - Masayoshi Takanaka,0.68,0.62,0.78,0.48,0.36,112.6,1,0.04,1,0,0,0,0,0,0,0
22,0.0,1,14.0,1,0,0,0,0,0,0,0,0,1,Wadibusa - Uncle Waffles,0.88,0.76,0.72,0.16,0.02,128.4,8,0.08,0,1,0,0,1,0,0,0
25,1.0,0,-5.5,1,0,0,0,0,0,0,0,0,0,Bed chem - sabrina carpenter,0.76,0.68,0.62,0.28,0.0,118.7,11,0.06,0,0,1,0,1,0,0,0
22,0.0,0,10.0,0,1,0,0,0,0,0,1,0,0,The pretender - Foo Fighters,0.58,0.94,0.68,0.08,0.02,148.7,4,0.07,1,0,0,0,1,0,0,0
18,1.0,1,-4.25,1,0,1,0,0,0,0,0,0,1,Azul - J balvin,0.84,0.76,0.82,0.24,0.0,124.8,7,0.14,0,1,0,0,1,0,0,0
21,0.0,1,4.750000000000001,1,0,1,0,1,0,0,0,0,1,Eyes Without A Face - Billy Idol,0.62,0.72,0.56,0.38,0.06,116.8,9,0.05,0,0,1,0,0,0,1,0
22,1.0,1,0.7499999999999996,1,0,0,0,1,0,0,0,0,1,Star - Colde,0.68,0.58,0.72,0.46,0.03,102.7,3,0.04,0,1,0,0,1,0,0,0
23,0.0,0,-1.4999999999999991,0,0,0,0,0,0,0,0,0,1,Night Scene,0.72,0.68,0.54,0.32,0.18,114.8,6,0.06,1,0,0,0,0,1,0,0
21,0.0,1,8.0,0,1,1,0,1,0,0,0,0,1,La mudanza - Bad Bunny,0.82,0.74,0.68,0.22,0.0,126.5,1,0.16,1,0,0,0,1,0,0,0
22,1.0,1,15.5,1,1,1,0,0,0,0,0,0,0,Selfish Waltz - ateez,0.64,0.76,0.52,0.26,0.02,128.6,10,0.07,0,1,0,0,0,0,1,0
19,1.0,1,3.5,1,0,1,0,0,0,0,0,0,0,"82 Pressin'- Mark, Haechan",0.78,0.82,0.64,0.18,0.01,130.8,8,0.08,1,0,0,0,1,0,0,0
22,1.0,1,13.0,1,1,1,0,1,0,0,1,0,1,Freak- Doja cat,0.82,0.78,0.72,0.14,0.0,124.8,5,0.09,0,0,0,1,1,0,0,0
21,1.0,0,3.2499999999999996,1,1,1,0,1,1,0,0,0,1,la valse de mamie - ben mazué,0.42,0.36,0.68,0.92,0.02,88.6,7,0.04,0,1,0,0,1,0,0,0
25,0.0,1,-8.0,1,1,0,1,1,0,0,1,0,1,Detroit - Badflower,0.58,0.86,0.42,0.16,0.02,144.7,2,0.08,0,0,0,1,0,0,1,0
21,0.0,1,8.25,1,0,1,0,0,0,0,1,0,0,A dangerous thing - Aurora,0.52,0.64,0.36,0.56,0.08,102.8,9,0.04,1,0,0,0,1,0,0,0
21,1.0,0,5.25,1,0,1,0,0,0,0,0,0,0,Gasolina - daddy yankee,0.86,0.82,0.78,0.12,0.0,132.6,1,0.18,0,1,0,0,0,1,0,0
20,1.0,1,13.75,1,0,0,0,0,0,0,0,0,0,Wildflower - Billie Eilish,0.52,0.38,0.42,0.76,0.0,88.4,4,0.04,0,0,1,0,1,0,0,0
21,0.0,1,11.75,0,0,0,0,1,0,0,0,0,0,Don Juan - Richard Strauss,0.28,0.84,0.48,0.64,0.92,126.8,6,0.03,1,0,0,0,1,0,0,0
21,1.0,1,10.75,1,0,0,0,0,0,0,0,0,1,Billie Bossa Nova- Billie Eilish,0.68,0.42,0.56,0.72,0.01,98.7,8,0.04,0,0,1,0,0,0,1,0
19,1.0,1,-6.499999999999999,1,0,1,0,0,1,0,0,0,1,Cheese and wine - DPR live,0.76,0.68,0.64,0.32,0.02,118.6,3,0.06,0,1,0,0,1,0,0,0
25,,1,12.25,1,1,0,0,0,0,0,0,0,0,Shh...Don't Say It - Fletcher,0.72,0.64,0.48,0.38,0.0,114.7,5,0.05,0,0,1,0,1,0,0,0
21,1.0,0,0.7499999999999996,0,0,0,0,0,0,0,0,0,1,"Wait a minute! - HAAN, Chan, h3hyeon",0.78,0.74,0.62,0.24,0.02,124.8,7,0.08,1,0,0,0,1,0,0,0
22,1.0,0,-10.75,1,0,1,0,0,0,0,0,0,0,"Galbi, Léna",0.64,0.58,0.72,0.48,0.01,108.6,9,0.06,0,0,1,0,1,0,0,0
21,0.0,0,1.25,1,1,1,0,0,1,0,0,0,0,Ojos Tristes (with the Marías) - Selena Gomez,0.71,0.48,0.63,0.58,0.04,96.3,2,0.04,0,1,0,0,1,0,0,0
22,1.0,1,-3.2499999999999996,1,1,0,0,0,0,0,0,0,1,Thats so true,0.42,0.51,0.32,0.76,0.0,92.6,5,0.05,1,0,0,0,1,0,0,0
21,0.0,1,-4.750000000000001,0,1,1,0,0,0,0,0,0,0,"On tombe, on réessaye - BEN plg",0.62,0.68,0.58,0.36,0.0,118.7,1,0.08,1,0,0,0,1,0,0,0
22,,1,-3.75,1,0,1,1,0,1,1,0,1,1,Nostalgic -NoGuidnce,0.74,0.64,0.48,0.28,0.01,112.6,8,0.12,0,1,0,0,0,0,0,0
22,1.0,1,0.0,1,1,1,0,0,0,0,0,0,1,Mona Lisa (jhope),0.76,0.72,0.58,0.18,0.01,126.5,4,0.13,0,1,0,0,1,0,0,0
22,0.0,0,5.0,0,0,0,0,0,0,0,0,1,1,Les terres saintes - ???,0.42,0.62,0.48,0.72,0.04,106.8,7,0.05,0,0,1,0,0,1,0,0
21,0.0,0,3.2499999999999996,0,0,1,0,0,0,0,0,0,0,No Role Model - J.Cole,0.72,0.68,0.52,0.24,0.0,128.6,10,0.28,1,0,0,0,1,0,0,0
23,1.0,1,10.0,1,1,1,0,1,1,0,1,1,0,Pandémonium - Vald,0.69,0.78,0.43,0.12,0.0,129.6,1,0.28,1,0,0,0,0,0,1,0
22,1.0,0,-5.5,1,1,0,0,0,0,0,0,0,1,Only Friend - Wallows,0.64,0.58,0.72,0.46,0.02,108.7,6,0.05,0,1,0,0,1,0,0,0
21,1.0,0,18.0,1,1,1,0,0,0,0,0,0,0,Bodies - Bryce Fox,0.68,0.82,0.46,0.16,0.01,132.8,9,0.06,0,1,0,0,1,0,0,0
22,1.0,1,-3.500000000000001,1,0,1,0,0,0,0,0,0,0,K. cigaret after sex,0.38,0.34,0.42,0.88,0.12,82.6,3,0.03,1,0,0,0,0,0,1,0
23,0.0,1,11.25,1,0,1,0,0,0,0,0,0,0,Marco Teaser Theme - Ravi Basrur,0.56,0.86,0.64,0.28,0.48,134.8,5,0.04,1,0,0,0,1,0,0,0
24,1.0,0,2.5,1,1,0,0,0,0,1,0,1,0,Castle on the Hill - Ed Sheeran,0.58,0.78,0.68,0.32,0.0,132.6,7,0.05,1,0,0,0,0,0,1,0
21,1.0,1,10.75,1,0,0,0,0,1,0,0,0,0,Doo wop - Lauryn Hil',0.72,0.64,0.82,0.42,0.01,108.7,1,0.09,1,0,0,0,1,0,0,0
24,0.0,1,8.25,1,1,1,0,0,0,0,0,0,1,Self love-Metro Boomin,0.76,0.68,0.54,0.22,0.0,124.8,8,0.16,0,1,0,0,1,0,0,0
21,1.0,1,-2.250000000000001,0,0,1,0,0,0,0,0,0,1,Eternal Sunshine Deluxe: Brighter Days Ahead - Ariana Grande,0.64,0.72,0.68,0.36,0.01,118.7,4,0.06,1,0,0,0,1,0,0,0
29,1.0,0,1.9999999999999996,1,1,0,0,0,0,0,0,1,1,"Sunset Blvd - Selena Gomez, Benny Blanco",0.78,0.64,0.72,0.28,0.02,112.6,9,0.05,0,0,0,1,1,0,0,0
31,0.0,0,11.5,1,1,0,0,0,1,0,0,1,1,嘘月 - Yorushika,0.68,0.76,0.58,0.24,0.02,128.7,6,0.04,1,0,0,0,1,0,0,0
17,0.0,0,7.5,1,1,1,0,0,0,0,0,1,0,Uragirimono Requiem - Yugo Kanno,0.64,0.88,0.68,0.14,0.32,138.6,2,0.06,1,0,0,0,0,0,0,0
21,1.0,0,3.75,1,1,1,0,0,0,0,0,1,0,Disparate Youth - Santigold,0.76,0.78,0.62,0.22,0.05,126.8,5,0.07,1,0,0,0,1,0,0,0
22,,1,0.7499999999999996,1,1,1,1,0,1,1,0,1,0,the giver - chappell roan,0.62,0.68,0.54,0.38,0.0,114.7,8,0.05,0,1,0,0,0,0,0,0
21,1.0,0,11.75,1,0,0,0,0,0,0,0,0,1,Half a Man - Dean Lewis,0.46,0.52,0.36,0.84,0.01,94.6,3,0.04,1,0,0,0,1,0,0,0
22,0.0,0,-5.499999999999998,0,0,0,0,0,0,0,0,1,1,Phurrr - Diplo & Pritam,0.78,0.84,0.68,0.16,0.04,132.6,7,0.08,0,0,0,1,0,0,0,0
16,1.0,1,0.5000000000000004,1,0,1,0,0,0,1,0,0,1,Shiver Asha Banks,0.74,0.68,0.52,0.32,0.01,118.7,10,0.06,0,0,0,1,0,0,0,0
21,1.0,1,7.5,1,1,1,0,0,0,0,0,0,0,Headlock - Imogen Heap,0.58,0.62,0.48,0.56,0.12,106.8,1,0.05,1,0,0,0,1,0,0,0
19,1.0,1,-1.9999999999999996,1,0,0,0,0,0,0,0,0,0,You are the reason - Calum Scott,0.38,0.42,0.54,0.92,0.0,88.6,4,0.04,0,1,0,0,0,0,0,0
26,0.0,1,6.75,1,0,0,0,0,0,0,0,1,0,Genesis - Justice,0.72,0.86,0.58,0.14,0.48,136.8,9,0.05,0,1,0,0,0,0,1,0
22,0.0,1,6.0,1,1,1,0,1,0,0,0,0,0,Timeless - The Weeknd,0.78,0.68,0.64,0.26,0.02,122.8,6,0.06,0,0,1,0,0,0,1,0
22,1.0,1,9.25,1,0,1,0,1,0,0,0,0,1,Murder - Hamza,0.72,0.76,0.42,0.18,0.0,128.4,3,0.26,1,0,0,0,0,0,1,0
21,1.0,1,-2.9999999999999982,1,1,1,0,1,1,0,0,0,0,ZITTI E BUONI - Måneskin,0.56,0.93,0.69,0.08,0.02,138.7,5,0.08,1,0,0,0,1,0,0,0
30,0.0,1,8.0,1,1,1,1,1,1,0,1,1,0,Thunderstruck - AC/ DC,0.46,0.98,0.72,0.06,0.04,156.8,8,0.06,0,1,0,0,0,0,1,0
22,1.0,1,10.25,1,0,1,0,0,0,0,0,0,0,"COEUR DE ICE - Zola, Damso",0.68,0.72,0.38,0.24,0.0,128.4,1,0.24,1,0,0,0,1,0,0,0
18,0.0,1,-1.0000000000000009,1,0,0,0,1,0,0,0,0,1,Toxic till the end - Rosé,0.74,0.78,0.48,0.22,0.0,126.7,7,0.06,1,0,0,0,0,0,0,0
18,0.0,1,0.0,1,1,0,0,0,0,0,1,0,0,Summertime sadness - Lana del rey,0.56,0.62,0.32,0.48,0.01,112.6,10,0.05,0,0,0,1,0,0,1,0
24,0.0,1,3.0000000000000004,0,1,1,0,1,0,0,0,0,1,Through the fire and flames - DragonForce,0.32,0.98,0.64,0.04,0.06,186.4,4,0.05,0,0,1,0,0,0,0,0
18,0.0,1,7.0,1,1,0,0,0,0,0,0,0,0,Une belle histoire - Michel Fugain,0.58,0.46,0.84,0.76,0.02,98.7,6,0.04,1,0,0,0,1,0,0,0
21,1.0,0,13.0,1,0,0,0,0,0,0,0,0,1,And you don't remember - Mariah Carey,0.62,0.52,0.36,0.64,0.0,92.6,9,0.05,1,0,0,0,0,0,1,0
21,1.0,0,7.0,1,1,1,0,1,1,0,0,1,1,Bad romance - laylow,0.74,0.78,0.48,0.18,0.01,128.4,2,0.12,0,1,0,0,1,0,0,0
19,1.0,1,5.75,1,0,1,0,0,0,0,0,0,0,Die with a smile - Bruno Mars,0.48,0.52,0.62,0.78,0.0,94.6,5,0.04,0,1,0,0,1,0,0,0
18,0.0,1,-2.5,0,0,1,0,0,0,0,0,0,0,Il bat - lekchan,0.68,0.64,0.48,0.32,0.0,112.6,8,0.16,0,1,0,0,1,0,0,0
19,1.0,1,-1.7500000000000004,0,0,1,0,0,1,0,0,0,1,Take your mask off- tyler the creator,0.72,0.68,0.54,0.26,0.0,126.4,3,0.18,0,1,0,0,1,0,0,0
20,0.0,1,-4.750000000000001,1,0,1,0,1,0,0,0,1,0,A Sky Full of Stars - Coldplay,0.64,0.85,0.72,0.18,0.04,128.6,7,0.05,0,0,1,0,0,0,1,0
22,0.0,1,5.5,1,0,1,1,0,0,0,0,0,1,Have a good summer (Without me) - Valley,0.76,0.68,0.82,0.38,0.02,116.7,1,0.06,0,1,0,0,1,0,0,0
20,1.0,1,5.0,1,1,0,0,0,0,0,0,0,0,Sugar - Maroon 5,0.78,0.72,0.84,0.22,0.0,122.8,6,0.05,1,0,0,0,0,0,1,0
19,,0,5.249999999999999,1,1,0,0,0,1,0,0,1,0,GPT - StayC,0.82,0.84,0.76,0.14,0.01,128.6,10,0.07,0,0,0,1,0,0,0,0
23,0.0,1,5.0,1,1,0,0,0,0,0,1,0,0,Best Friend 4ever- serious bacon,0.74,0.68,0.84,0.32,0.01,118.7,9,0.06,1,0,0,0,0,0,0,0
22,0.0,1,1.25,1,1,0,0,0,1,0,0,0,0,Apple pie - Lizzy McAlpine,0.58,0.48,0.62,0.76,0.0,98.6,4,0.04,1,0,0,0,0,0,1,0
21,1.0,1,-0.2500000000000002,1,1,1,0,0,0,0,0,0,0,BLUE/BIGBANG,0.48,0.72,0.38,0.26,0.01,114.7,7,0.06,1,0,0,0,0,0,0,0
23,1.0,1,2.5,1,1,0,0,0,0,0,1,0,0,"Just awake - Fear, and Loathing in Las Vegas",0.68,0.92,0.58,0.08,0.02,146.8,2,0.07,1,0,0,0,0,0,0,0
23,1.0,1,3.2499999999999996,1,0,1,0,0,0,0,0,0,1,Die for me - Chase Atlantic,0.72,0.78,0.36,0.18,0.01,132.6,5,0.08,1,0,0,0,1,0,0,0
22,1.0,0,0.5000000000000004,1,0,0,0,0,0,0,0,0,0,espresso,0.82,0.78,0.72,0.14,0.0,130.6,1,0.07,1,0,0,0,0,1,0,0
19,1.0,1,9.25,1,1,0,0,1,0,0,1,0,0,Caramel - Sleep Token,0.46,0.76,0.42,0.28,0.04,114.8,8,0.05,0,1,0,0,0,0,1,0
21,0.0,1,-1.7500000000000004,1,1,1,1,1,1,1,1,1,1,One Kiss Calvin Harris & Dua Lipa,0.86,0.78,0.74,0.12,0.02,124.6,3,0.06,0,1,0,0,0,0,1,0
