,time,age,gender,hours_per_day,genres,change_mood,music_type,song_num,song,title_1,author_1,interested,distressed,excited,upset,enthusiastic,nervous,proud,afraid,inspired,irritable,positive_mean,negative_mean
0,4/4/2025 0:09:15,22,Male,1-2 hours,"Pop ğŸ¶, Classical ğŸ», Jazz ğŸ·",Yes,Music that matches my mood,song_1,Under a blanket of blue - Ella Firzgerald & Louis Armstrong,Under a blanket of blue,Ella Firzgerald & Louis Armstrong,4,1,4,3,5,1,4,1,4,2,4.25,1.6
1,4/4/2025 0:09:40,22,Male,1-2 hours,"Pop ğŸ¶, Hip-Hop/Rap ğŸ¤, Electronic/Dance ğŸ§‘â€ğŸ¤",No,I don't listen to music when feeling down,song_1,à¸œà¸´à¸‡à¹„à¸Ÿ - Max Jenmana,à¸œà¸´à¸‡à¹„à¸Ÿ,Max Jenmana,5,4,5,2,4,4,3,2,2,2,4.0,2.8
2,4/4/2025 0:11:42,21,Male,Less than 1 hour,"Pop ğŸ¶, Hip-Hop/Rap ğŸ¤, Metal ğŸ‘¨â€ğŸ¤",No,I don't listen to music when feeling down,song_1,à¹ƒà¸ˆà¸à¸±à¸‡ -Saran,à¹ƒà¸ˆà¸à¸±à¸‡,Saran,3,1,5,1,5,2,5,3,1,4,3.5,2.2
3,4/4/2025 0:14:05,22,Female,1-2 hours,"Pop ğŸ¶, Rock ğŸ¸, Electronic/Dance ğŸ§‘â€ğŸ¤, Others",Yes,Music that matches my mood,song_1,Denial is a river - Doechi,Denial is a river,Doechi,4,3,4,3,2,1,3,1,3,4,3.25,2.4
4,4/4/2025 0:58:36,20,Female,1-2 hours,"Rock ğŸ¸, Hip-Hop/Rap ğŸ¤, Electronic/Dance ğŸ§‘â€ğŸ¤, Others",Yes,Music that contrasts with my mood,song_1,Sheâ€™s gone Dance on de Disclosure,Sheâ€™s gone Dance on,de Disclosure,5,5,5,3,5,3,2,1,3,5,4.5,3.4
5,4/4/2025 0:59:13,20,Male,3-4 hours,"Pop ğŸ¶, Rock ğŸ¸",No,Music that matches my mood,song_1,Plug in baby - Muse,Plug in baby,Muse,5,5,5,5,5,5,5,5,5,5,5.0,5.0
6,4/4/2025 1:01:12,21,Male,1-2 hours,"Pop ğŸ¶, Rock ğŸ¸, Hip-Hop/Rap ğŸ¤, Electronic/Dance ğŸ§‘â€ğŸ¤",Yes,Both,song_1,Feo - Fiti y Fitipaldis,Feo,Fiti y Fitipaldis,3,3,3,1,3,1,1,1,2,1,2.75,1.4
7,4/4/2025 1:01:20,22,Female,Less than 1 hour,"Pop ğŸ¶, Rock ğŸ¸, Jazz ğŸ·",No,Music that matches my mood,song_1,Someday - The Strokes ,Someday,The Strokes,5,5,5,1,5,2,3,2,2,2,4.25,2.4
8,4/4/2025 1:02:23,22,Female,More than 5 hours,"Pop ğŸ¶, Hip-Hop/Rap ğŸ¤, Electronic/Dance ğŸ§‘â€ğŸ¤",Yes,Music that contrasts with my mood,song_1,feel good - charlotte cardin,feel good,charlotte cardin,5,5,5,1,4,3,1,1,3,2,4.25,2.4
9,4/4/2025 1:04:05,20,Female,1-2 hours,Pop ğŸ¶,Yes,Music that matches my mood,song_1,thatâ€™s so true - gracie abrams,thatâ€™s so true,gracie abrams,4,1,5,1,5,3,3,2,3,1,4.25,1.6
10,4/4/2025 1:04:47,20,Male,3-4 hours,"Pop ğŸ¶, Hip-Hop/Rap ğŸ¤, Electronic/Dance ğŸ§‘â€ğŸ¤, Others",Yes,Music that matches my mood,song_1,"LET ME BE YOUR HALO - horja,neconi",LET ME BE YOUR HALO,"horja,neconi",4,3,2,2,3,2,2,2,2,3,2.75,2.4
11,4/4/2025 1:05:17,21,Female,1-2 hours,"Pop ğŸ¶, Hip-Hop/Rap ğŸ¤, Electronic/Dance ğŸ§‘â€ğŸ¤, Others",Yes,Music that matches my mood,song_1,Gone - Midi Memory,Gone,Midi Memory,5,3,5,2,5,4,3,3,4,3,4.75,3.0
12,4/4/2025 1:06:43,23,Male,3-4 hours,"Pop ğŸ¶, Rock ğŸ¸, Electronic/Dance ğŸ§‘â€ğŸ¤",Yes,Music that matches my mood,song_1,Disclosure - Seduction,Disclosure,Seduction,5,4,4,2,4,2,3,1,4,1,4.25,2.0
13,4/4/2025 1:06:59,22,Male,1-2 hours,"Rock ğŸ¸, Hip-Hop/Rap ğŸ¤, Classical ğŸ», Others",No,Music that matches my mood,song_1,A change is gonna come - Sam Cooke,A change is gonna come,Sam Cooke,4,1,5,3,5,2,5,1,4,2,4.5,1.8
14,4/4/2025 1:07:01,21,Female,3-4 hours,"Pop ğŸ¶, Hip-Hop/Rap ğŸ¤",No,Music that matches my mood,song_1,"No one noticed, The Marias","No one noticed, The Marias",,3,2,4,3,4,4,1,2,2,3,3.25,2.8
15,4/4/2025 1:07:44,21,Male,1-2 hours,"Pop ğŸ¶, Hip-Hop/Rap ğŸ¤, Classical ğŸ», Jazz ğŸ·",Yes,I don't listen to music when feeling down,song_1,Million Zamdane,Million Zamdane,,5,2,4,4,3,3,2,2,2,1,3.5,2.4
16,4/4/2025 1:10:49,20,Male,Less than 1 hour,"Pop ğŸ¶, Rock ğŸ¸, Hip-Hop/Rap ğŸ¤, Others",Yes,Music that contrasts with my mood,song_1,Eyes Closed - Imagine Dragons,Eyes Closed,Imagine Dragons,5,4,5,3,4,2,3,1,3,3,4.25,2.6
17,4/4/2025 1:12:40,22,Male,Less than 1 hour,"Rock ğŸ¸, Hip-Hop/Rap ğŸ¤, Electronic/Dance ğŸ§‘â€ğŸ¤",No,Music that contrasts with my mood,song_1,Peur-Kerchak,Peur,Kerchak,3,3,4,3,4,4,3,3,3,3,3.5,3.2
18,4/4/2025 1:13:11,20,Female,More than 5 hours,"Pop ğŸ¶, Rock ğŸ¸, Hip-Hop/Rap ğŸ¤, Electronic/Dance ğŸ§‘â€ğŸ¤",Yes,Music that matches my mood,song_1,Getting to know ya -  Nao,Getting to know ya,Nao,3,2,3,4,4,4,2,3,2,3,3.0,3.2
19,4/4/2025 1:16:32,20,Male,1-2 hours,"Pop ğŸ¶, Rock ğŸ¸, Classical ğŸ», Jazz ğŸ·, Folk ğŸª—",Yes,Music that contrasts with my mood,song_1,Bummerland - AJR,Bummerland,AJR,4,5,4,1,5,2,3,1,3,1,4.0,2.0
20,4/4/2025 1:19:13,22,Male,1-2 hours,"Pop ğŸ¶, Rock ğŸ¸",No,Music I always listen to,song_1,I donâ€™t need no doctor - John Mayer,I donâ€™t need no doctor,John Mayer,5,3,4,2,3,2,3,2,2,1,3.5,2.0
21,4/4/2025 1:23:03,23,Male,More than 5 hours,"Pop ğŸ¶, Rock ğŸ¸, Hip-Hop/Rap ğŸ¤, Country ğŸª‡, Classical ğŸ», Jazz ğŸ·, Folk ğŸª—, Metal ğŸ‘¨â€ğŸ¤, Electronic/Dance ğŸ§‘â€ğŸ¤, Others",No,I don't listen to music when feeling down,song_1,The emptiness machine - Linkin Park,The emptiness machine,Linkin Park,2,5,1,5,1,5,1,5,1,5,1.25,5.0
22,4/4/2025 1:23:06,55,Female,Less than 1 hour,"Country ğŸª‡, Classical ğŸ», Others",Yes,My playlist ,song_1,California ,California ,,1,1,3,3,2,3,2,3,1,3,1.75,2.6
23,4/4/2025 1:31:10,26,Male,1-2 hours,"Rock ğŸ¸, Country ğŸª‡, Jazz ğŸ·, Metal ğŸ‘¨â€ğŸ¤, Electronic/Dance ğŸ§‘â€ğŸ¤",Yes,Music that contrasts with my mood,song_1,Be Here Now - Basement,Be Here Now,Basement,3,1,3,2,4,2,2,2,4,2,3.5,1.8
24,4/4/2025 1:32:07,22,Male,3-4 hours,"Pop ğŸ¶, Rock ğŸ¸, Electronic/Dance ğŸ§‘â€ğŸ¤, Others",Yes,Music that matches my mood,song_1,Ma meilleure ennemie - Stromae & Pomme,Ma meilleure ennemie,Stromae & Pomme,4,4,4,2,3,4,2,4,2,3,3.25,3.4
25,4/4/2025 1:32:54,52,Male,1-2 hours,"Pop ğŸ¶, Hip-Hop/Rap ğŸ¤, Jazz ğŸ·",Yes,Music that matches my mood,song_1,Bruno Mars / Lady Gaga Die with a smile,Bruno Mars / Lady Gaga Die with a smile,,3,2,5,3,3,3,5,1,2,1,3.25,2.0
26,4/4/2025 1:36:34,22,Male,3-4 hours,"Rock ğŸ¸, Metal ğŸ‘¨â€ğŸ¤",No,The type I listen to - no distinctions,song_1,Skrzydlate rÄ™ce - enej,Skrzydlate rÄ™ce,enej,4,1,4,1,4,2,4,3,4,3,4.0,2.0
27,4/4/2025 1:37:24,20,Male,1-2 hours,"Rock ğŸ¸, Hip-Hop/Rap ğŸ¤",No,I don't listen to music when feeling down,song_1,Black magic,Black magic,,1,1,1,1,1,1,1,1,1,1,1.0,1.0
28,4/4/2025 1:40:12,20,Male,1-2 hours,"Pop ğŸ¶, Hip-Hop/Rap ğŸ¤, Electronic/Dance ğŸ§‘â€ğŸ¤",Yes,"If I'm stressed, I listen to classical music to relax. If I'm feeling down I listen to NÃ©pal",song_1,PANDEMONIUM - Vald,PANDEMONIUM,Vald,1,2,4,2,5,2,1,2,2,1,3.0,1.8
29,4/4/2025 1:41:12,22,Male,1-2 hours,"Rock ğŸ¸, Electronic/Dance ğŸ§‘â€ğŸ¤",Yes,Music that contrasts with my mood,song_1,"""Song 2"" - Blur","""Song 2""",Blur,4,2,3,2,4,2,3,2,4,1,3.75,1.8
30,4/4/2025 1:44:37,21,Female,More than 5 hours,"Rock ğŸ¸, Hip-Hop/Rap ğŸ¤, Classical ğŸ», Jazz ğŸ·, Electronic/Dance ğŸ§‘â€ğŸ¤",Yes,Music that matches my mood,song_1,Bleed - Malcom Todd ,Bleed,Malcom Todd,4,1,4,1,4,3,3,2,3,2,3.75,1.8
31,4/4/2025 1:50:04,20,Male,1-2 hours,"Classical ğŸ», Others",No,Music that matches my mood,song_1,La marche de Radetsky - Strauss,La marche de Radetsky,Strauss,4,4,2,1,2,1,3,1,2,1,2.5,1.6
32,4/4/2025 1:54:34,23,Male,3-4 hours,Hip-Hop/Rap ğŸ¤,No,Music that contrasts with my mood,song_1,Nightmarez - Duvy,Nightmarez,Duvy,3,2,4,4,5,3,4,1,5,3,4.25,2.6
33,4/4/2025 1:55:35,23,Male,1-2 hours,"Rock ğŸ¸, Classical ğŸ», Jazz ğŸ·, Others",Yes,Sometimes music that matches my mood and sometimes music that contrasts my mood,song_1,Turangalila Symphony - Olivier Messiaen,Turangalila Symphony,Olivier Messiaen,4,4,2,2,4,3,2,2,3,2,3.25,2.6
34,4/4/2025 1:55:50,22,Male,3-4 hours,"Pop ğŸ¶, Others",Yes,Music that matches my mood,song_1,Position Backshot - Blicassty,Position Backshot,Blicassty,4,2,5,1,4,1,2,1,3,1,4.0,1.2
35,4/4/2025 2:11:36,25,Female,Less than 1 hour,Pop ğŸ¶,No,Music that matches my mood,song_1,360 - charli xcx,360,charli xcx,3,3,1,5,4,4,2,1,2,5,2.5,3.6
36,4/4/2025 2:16:21,22,Male,1-2 hours,"Rock ğŸ¸, Metal ğŸ‘¨â€ğŸ¤",No,Music that matches my mood,song_1,IGYEIH - Linkin Park,IGYEIH,Linkin Park,3,1,4,1,4,1,2,1,1,1,3.0,1.0
37,4/4/2025 2:16:36,18,Female,3-4 hours,"Pop ğŸ¶, Hip-Hop/Rap ğŸ¤, Others",Yes,Music that matches my mood,song_1,BeyoncÃ© - Diva ,BeyoncÃ©,Diva,3,5,3,4,2,4,4,4,3,1,2.75,3.6
38,4/4/2025 2:18:17,21,Male,Less than 1 hour,"Pop ğŸ¶, Hip-Hop/Rap ğŸ¤, Classical ğŸ», Others",Yes,Music that contrasts with my mood,song_1,Etincelle (Maradona) - Tiakola,Etincelle (Maradona),Tiakola,5,4,5,3,5,5,5,4,4,3,4.75,3.8
39,4/4/2025 2:21:38,22,Female,3-4 hours,"Pop ğŸ¶, Classical ğŸ», Others",Yes,Music that matches my mood,song_1,Twinkle Twinkle - Peder Elias,Twinkle Twinkle,Peder Elias,2,1,2,3,3,3,4,4,4,2,2.75,2.6
40,4/4/2025 2:27:21,23,Male,1-2 hours,Others,No,I don't listen to music when feeling down,song_1,I miss you - Radio Mix,I miss you,Radio Mix,3,3,4,4,2,4,1,2,1,1,2.5,2.8
41,4/4/2025 2:29:31,21,Male,1-2 hours,"Rock ğŸ¸, Hip-Hop/Rap ğŸ¤, Classical ğŸ», Others",Yes,Music that matches my mood,song_1,"Capaz - Alleh, Yorghaki",Capaz,"Alleh, Yorghaki",4,2,5,4,4,3,2,1,3,2,4.0,2.4
42,4/4/2025 2:31:28,22,Female,3-4 hours,"Pop ğŸ¶, Rock ğŸ¸, Hip-Hop/Rap ğŸ¤",Yes,Music that contrasts with my mood,song_1,Zombieboy - Lady Gaga,Zombieboy,Lady Gaga,5,1,5,1,3,3,3,1,5,1,4.5,1.4
43,4/4/2025 2:34:06,19,Female,1-2 hours,"Pop ğŸ¶, Hip-Hop/Rap ğŸ¤",Yes,Music that matches my mood,song_1,"ExtraL- Jennie, Doechii",ExtraL,"Jennie, Doechii",2,2,3,1,3,3,1,2,2,1,2.5,1.8
44,4/4/2025 2:34:23,22,Female,More than 5 hours,"Pop ğŸ¶, Rock ğŸ¸, Hip-Hop/Rap ğŸ¤, Classical ğŸ», Metal ğŸ‘¨â€ğŸ¤, Others",Yes,Music that matches my mood,song_1,DÃ©jÃ  vu - Taemin,DÃ©jÃ  vu,Taemin,3,1,5,1,5,3,5,1,3,1,4.0,1.4
45,4/4/2025 2:58:03,21,Female,3-4 hours,"Pop ğŸ¶, Rock ğŸ¸, Hip-Hop/Rap ğŸ¤, Classical ğŸ», Jazz ğŸ·, Others",No,Music that matches my mood,song_1,back to black - amy winehouse ,back to black,amy winehouse,3,4,4,1,4,5,1,2,2,1,3.25,2.6
46,4/4/2025 3:00:27,25,Male,More than 5 hours,"Pop ğŸ¶, Rock ğŸ¸, Country ğŸª‡, Classical ğŸ», Metal ğŸ‘¨â€ğŸ¤, Others",Yes,Music that contrasts with my mood,song_1,Yours to Hold - Skillet,Yours to Hold,Skillet,3,4,1,3,2,4,3,3,2,4,2.0,3.6
47,4/4/2025 3:03:12,21,Male,1-2 hours,"Pop ğŸ¶, Hip-Hop/Rap ğŸ¤, Metal ğŸ‘¨â€ğŸ¤",Yes,Music that matches my mood,song_1,"Isis - Joyner Lucas, Logic",Isis,"Joyner Lucas, Logic",1,1,4,4,4,1,1,1,4,1,3.25,1.6
48,4/4/2025 3:21:20,21,Female,3-4 hours,"Pop ğŸ¶, Hip-Hop/Rap ğŸ¤",No,I don't listen to music when feeling down,song_1,Like jennie - jennie,Like jennie,jennie,3,1,2,1,2,2,2,1,2,1,2.25,1.2
49,4/4/2025 3:24:52,20,Female,Less than 1 hour,Pop ğŸ¶,Yes,Music that matches my mood,song_1,Ordinary - Alex Warren ,Ordinary,Alex Warren,5,2,5,1,5,3,5,2,4,2,4.75,2.0
50,4/4/2025 3:35:50,21,Male,1-2 hours,Classical ğŸ»,Yes,Music that matches my mood,song_1,Also sprach Zarathoustra - Richard Strauss,Also sprach Zarathoustra,Richard Strauss,5,3,5,4,4,3,4,1,5,1,4.75,2.4
51,4/4/2025 3:46:18,21,Female,Less than 1 hour,"Pop ğŸ¶, Others",Yes,Music that contrasts with my mood,song_1,TÃ©lÃ©foot- Luidji,TÃ©lÃ©foot,Luidji,3,1,4,2,5,3,3,1,3,1,3.75,1.6
52,4/4/2025 4:05:40,19,Female,3-4 hours,"Pop ğŸ¶, Hip-Hop/Rap ğŸ¤, Jazz ğŸ·, Others",Yes,Music that matches my mood,song_1,Baby donâ€™t like it - nct u,Baby donâ€™t like it,nct u,2,2,1,4,1,3,2,1,2,4,1.5,2.8
53,4/4/2025 4:22:41,25,Prefer not to say,Less than 1 hour,"Pop ğŸ¶, Rock ğŸ¸",Yes,Music that matches my mood,song_1,Attached to you - Fletcher,Attached to you,Fletcher,4,2,4,2,5,3,4,1,4,1,4.25,1.8
54,4/4/2025 5:20:51,21,Female,1-2 hours,Others,No,Music that matches my mood,song_1,"See through - Primary (Feat. Gaeko, Zion.T)",See through,"Primary (Feat. Gaeko, Zion.T)",2,2,1,2,2,2,1,1,2,1,1.75,1.6
55,4/4/2025 6:19:35,22,Female,Less than 1 hour,"Pop ğŸ¶, Hip-Hop/Rap ğŸ¤",No,Music that matches my mood,song_1,Mona Lisa jhope ,Mona Lisa jhope ,,1,4,1,2,1,4,1,4,2,3,1.25,3.4
56,4/4/2025 7:07:00,21,Male,3-4 hours,"Pop ğŸ¶, Rock ğŸ¸, Hip-Hop/Rap ğŸ¤, Jazz ğŸ·",No,Music that matches my mood,song_1,Untilted - Blaxian ,Untilted,Blaxian,3,4,2,1,3,1,2,1,1,3,2.25,2.0
57,4/4/2025 7:14:05,22,Female,1-2 hours,"Pop ğŸ¶, Rock ğŸ¸, Others",Yes,Music that matches my mood,song_1,Breaking dishes,Breaking dishes,,3,4,2,3,3,4,4,4,3,2,2.75,3.4
58,4/4/2025 8:17:07,21,Male,1-2 hours,"Rock ğŸ¸, Hip-Hop/Rap ğŸ¤",Yes,Music that matches my mood,song_1,Kassded - H JeuneCrack,Kassded,H JeuneCrack,2,4,2,4,2,1,1,3,3,4,2.25,3.2
59,4/4/2025 8:37:52,22,Prefer not to say,3-4 hours,"Pop ğŸ¶, Hip-Hop/Rap ğŸ¤, Country ğŸª‡, Jazz ğŸ·, Folk ğŸª—, Electronic/Dance ğŸ§‘â€ğŸ¤, Others",Yes,"Both 1,2",song_1,Siren sounds (bonus) -Tate McRae,Siren sounds (bonus),Tate McRae,3,4,4,2,2,5,3,4,4,5,3.25,4.0
60,4/4/2025 11:38:33,22,Female,3-4 hours,"Pop ğŸ¶, Rock ğŸ¸, Hip-Hop/Rap ğŸ¤, Others",Yes,Music that matches my mood,song_1,Quarter life (txt),Quarter life (txt),,4,3,4,4,3,2,2,2,1,4,3.0,3.0
61,4/4/2025 11:48:24,22,Male,Less than 1 hour,"Electronic/Dance ğŸ§‘â€ğŸ¤, Others",No,I don't listen to music when feeling down,song_1,Justinian - Farya Faraji,Justinian,Farya Faraji,4,5,2,1,4,1,5,1,2,2,3.0,2.0
62,4/4/2025 12:09:08,21,Male,1-2 hours,Hip-Hop/Rap ğŸ¤,No,Music that matches my mood,song_1,Iverson - laylow,Iverson,laylow,1,1,4,1,3,4,1,1,1,1,2.25,1.6
63,4/4/2025 12:41:02,23,Female,1-2 hours,"Pop ğŸ¶, Rock ğŸ¸, Hip-Hop/Rap ğŸ¤, Classical ğŸ», Jazz ğŸ·, Metal ğŸ‘¨â€ğŸ¤, Electronic/Dance ğŸ§‘â€ğŸ¤",Yes,Music that contrasts with my mood,song_1,RÃ©gulation - Vald,RÃ©gulation,Vald,4,2,4,3,4,2,3,1,4,2,4.0,2.0
64,4/4/2025 13:50:20,22,Female,3-4 hours,"Pop ğŸ¶, Rock ğŸ¸, Others",No,Music that matches my mood,song_1,Simulation Swarm - Big Thief,Simulation Swarm,Big Thief,2,5,3,3,2,5,2,2,3,3,2.5,3.6
65,4/4/2025 14:49:33,21,Female,3-4 hours,"Pop ğŸ¶, Rock ğŸ¸, Hip-Hop/Rap ğŸ¤",No,Music that matches my mood,song_1,ZITTI E BUONI - MÃ¥neskin,ZITTI E BUONI,MÃ¥neskin,5,2,5,1,5,2,5,1,5,1,5.0,1.4
66,4/4/2025 15:14:47,22,Female,1-2 hours,"Pop ğŸ¶, Hip-Hop/Rap ğŸ¤",Yes,Music that contrasts with my mood,song_1,petite soeur - Houdi,petite soeur,Houdi,3,2,2,4,3,4,2,2,2,4,2.5,3.2
67,4/4/2025 15:15:24,23,Male,1-2 hours,"Pop ğŸ¶, Hip-Hop/Rap ğŸ¤",Yes,Music that matches my mood,song_1,Nan Adicha - Vijay Anthony,Nan Adicha,Vijay Anthony,5,5,5,2,3,1,1,1,4,1,4.25,2.0
68,4/4/2025 15:25:54,24,Female,1-2 hours,"Pop ğŸ¶, Rock ğŸ¸, Folk ğŸª—, Electronic/Dance ğŸ§‘â€ğŸ¤",No,Music that contrasts with my mood,song_1,Bling-Bang-Bang-Born - Creepy Nuts,Bling,Bang-Bang-Born - Creepy Nuts,4,2,3,1,2,4,3,2,1,1,2.5,2.0
69,4/4/2025 15:28:33,21,Female,1-2 hours,"Pop ğŸ¶, Jazz ğŸ·",Yes,Music that matches my mood,song_1,Ã‰ternitÃ© - Jazzy Bazz & Nekfeu,Ã‰ternitÃ©,Jazzy Bazz & Nekfeu,4,1,4,2,4,2,1,1,3,2,3.75,1.6
70,4/4/2025 15:33:22,24,Male,3-4 hours,"Pop ğŸ¶, Rock ğŸ¸, Hip-Hop/Rap ğŸ¤, Others",Yes,Music that matches my mood,song_1,Mona Lisa-Dominic Fike,Mona Lisa,Dominic Fike,4,2,4,2,5,4,4,3,4,2,4.25,2.6
71,4/4/2025 15:44:04,21,Female,1-2 hours,"Hip-Hop/Rap ğŸ¤, Others",Yes,Music that matches my mood,song_1,Sunshine &rain - kali uchis,Sunshine &rain,kali uchis,2,2,2,3,2,3,1,1,1,2,1.75,2.2
72,4/4/2025 15:53:38,29,Female,More than 5 hours,"Pop ğŸ¶, Rock ğŸ¸, Electronic/Dance ğŸ§‘â€ğŸ¤, Others",No,Music that matches my mood,song_1,Want - Taemin,Want,Taemin,3,4,4,3,3,2,2,1,2,3,3.0,2.6
73,4/4/2025 16:01:22,31,Male,1-2 hours,"Pop ğŸ¶, Rock ğŸ¸, Jazz ğŸ·, Electronic/Dance ğŸ§‘â€ğŸ¤, Others",No,Music that matches my mood,song_1,Fake Love (orchestral) - MDP,Fake Love (orchestral),MDP,4,1,3,1,3,1,3,1,4,2,3.5,1.2
74,4/4/2025 16:21:39,17,Male,1-2 hours,"Pop ğŸ¶, Rock ğŸ¸, Hip-Hop/Rap ğŸ¤, Electronic/Dance ğŸ§‘â€ğŸ¤",No,no specific type,song_1,Runnin' - Adam Lambert,Runnin',Adam Lambert,3,2,4,2,4,2,2,1,3,3,3.5,2.0
75,4/4/2025 17:10:37,21,Female,1-2 hours,"Pop ğŸ¶, Rock ğŸ¸, Hip-Hop/Rap ğŸ¤, Electronic/Dance ğŸ§‘â€ğŸ¤",No,Music that matches my mood,song_1,Blue Lights-Jorja Smith,Blue Lights,Jorja Smith,4,3,4,3,4,5,1,2,3,2,3.75,3.0
76,4/4/2025 17:25:02,22,Prefer not to say,3-4 hours,"Pop ğŸ¶, Rock ğŸ¸, Hip-Hop/Rap ğŸ¤, Country ğŸª‡, Jazz ğŸ·, Folk ğŸª—, Electronic/Dance ğŸ§‘â€ğŸ¤",Yes,taylor swift<3,song_1,imgonnagetyouback - taylor swift,imgonnagetyouback,taylor swift,3,5,4,4,4,4,4,3,4,2,3.75,3.6
77,4/4/2025 18:16:30,21,Female,1-2 hours,"Pop ğŸ¶, Others",No,Music that matches my mood,song_1,Ojos tristes - Selena Gomez,Ojos tristes,Selena Gomez,3,1,5,1,5,2,3,1,2,2,3.75,1.4
78,4/4/2025 18:16:48,22,Male,More than 5 hours,"Electronic/Dance ğŸ§‘â€ğŸ¤, Others",No,It is the same regardless of mood. Also side note: what are the psychometrics of the scale you used in section 3?,song_1,"Nightcore Sexy, Naughty, Bitchy Me - Nightcore Wolfie ","Nightcore Sexy, Naughty, Bitchy Me",Nightcore Wolfie,5,5,2,3,5,5,2,5,2,5,3.5,4.6
79,4/4/2025 18:18:01,16,Female,More than 5 hours,"Pop ğŸ¶, Hip-Hop/Rap ğŸ¤, Folk ğŸª—, Others",Yes,Both that match my mood and that contrast with it.,song_1,Risk Gracie Abrams ,Risk Gracie Abrams ,,2,4,5,4,3,4,3,1,4,4,3.5,3.4
80,4/4/2025 18:21:58,21,Female,1-2 hours,"Pop ğŸ¶, Rock ğŸ¸, Hip-Hop/Rap ğŸ¤",Yes,Music that matches my mood,song_1,Nouvelles - PLK,Nouvelles,PLK,2,1,2,1,3,1,1,1,3,1,2.5,1.0
81,4/4/2025 18:51:45,19,Female,3-4 hours,Pop ğŸ¶,Yes,Answer 1 and 2,song_1,Subeme la radio - Enrique Iglesias ,Subeme la radio,Enrique Iglesias,3,4,2,3,3,4,2,2,4,4,3.0,3.4
82,4/4/2025 18:55:06,26,Male,3-4 hours,"Pop ğŸ¶, Electronic/Dance ğŸ§‘â€ğŸ¤",Yes,Music that contrasts with my mood,song_1,The Beginning - Sullivan King,The Beginning,Sullivan King,4,2,3,1,4,4,3,3,4,2,3.75,2.4
83,4/4/2025 18:55:42,22,Male,Less than 1 hour,"Pop ğŸ¶, Rock ğŸ¸, Hip-Hop/Rap ğŸ¤, Classical ğŸ»",Yes,Music that contrasts with my mood,song_1,SÃ£o Paulo - The Weeknd,SÃ£o Paulo,The Weeknd,2,1,4,3,4,3,2,1,2,1,3.0,1.8
84,4/4/2025 18:56:43,22,Female,1-2 hours,"Pop ğŸ¶, Hip-Hop/Rap ğŸ¤, Classical ğŸ», Others",Yes,Music that contrasts with my mood,song_1,Pirate-Stormy ,Pirate,Stormy,2,2,4,1,2,2,4,1,5,1,3.25,1.4
85,4/4/2025 20:24:05,21,Female,1-2 hours,"Pop ğŸ¶, Rock ğŸ¸, Hip-Hop/Rap ğŸ¤, Classical ğŸ», Jazz ğŸ·",Yes,Music that matches my mood,song_1,Bitter sweet symphony - the verve,Bitter sweet symphony,the verve,3,3,5,5,4,5,3,5,4,5,4.0,4.6
86,4/4/2025 20:27:25,30,Male,3-4 hours,"Pop ğŸ¶, Rock ğŸ¸, Hip-Hop/Rap ğŸ¤, Country ğŸª‡, Classical ğŸ», Jazz ğŸ·, Metal ğŸ‘¨â€ğŸ¤, Electronic/Dance ğŸ§‘â€ğŸ¤",Yes,Music that contrasts with my mood,song_1,I WANNA BE YOURS - Arctic Monkeys ,I WANNA BE YOURS,Arctic Monkeys,5,5,5,3,5,3,5,3,5,3,5.0,3.4
87,4/4/2025 21:16:58,22,Female,1-2 hours,"Pop ğŸ¶, Hip-Hop/Rap ğŸ¤",Yes,Music that matches my mood,song_1,"Buscando - GTA, Jenn Morel",Buscando,"GTA, Jenn Morel",4,3,5,2,4,3,5,1,4,2,4.25,2.2
88,4/4/2025 22:03:09,18,Male,1-2 hours,"Pop ğŸ¶, Classical ğŸ», Others",Yes,"Both rep 1 and 3, depend of the moment",song_1,Earthquake - Jisoo,Earthquake,Jisoo,4,4,3,2,3,4,1,3,2,3,3.0,3.2
89,4/4/2025 22:52:54,18,Male,More than 5 hours,"Pop ğŸ¶, Rock ğŸ¸, Metal ğŸ‘¨â€ğŸ¤",Yes,Music that contrasts with my mood,song_1,The box - roddy ricch,The box,roddy ricch,5,5,5,5,5,5,5,5,5,5,5.0,5.0
90,4/4/2025 22:54:01,24,Male,Less than 1 hour,"Rock ğŸ¸, Hip-Hop/Rap ğŸ¤, Classical ğŸ», Others",Yes,I start with music that match my mood and progressively go to the mood I want to reach,song_1,Les plus bornÃ©s - LÃ©man,Les plus bornÃ©s,LÃ©man,4,3,4,4,4,3,3,3,4,4,4.0,3.4
91,4/5/2025 0:46:23,18,Male,1-2 hours,"Pop ğŸ¶, Rock ğŸ¸",Yes,Music that matches my mood,song_1,May I ask - Luke Chiand,May I ask,Luke Chiand,5,5,3,2,4,3,4,2,4,1,4.0,2.6
92,4/5/2025 1:21:55,21,Female,1-2 hours,"Pop ğŸ¶, Others",No,Music that contrasts with my mood,song_1,En barranquilla me quedo - Joe Arroyo,En barranquilla me quedo,Joe Arroyo,3,3,5,1,5,1,3,1,3,1,4.0,1.4
93,4/5/2025 1:38:34,21,Female,3-4 hours,"Pop ğŸ¶, Rock ğŸ¸, Hip-Hop/Rap ğŸ¤, Classical ğŸ», Jazz ğŸ·, Electronic/Dance ğŸ§‘â€ğŸ¤, Others",No,Music that matches my mood,song_1,Kifak inta - fairuz ,Kifak inta,fairuz,4,3,4,3,4,2,3,2,4,3,4.0,2.6
94,4/5/2025 2:04:22,19,Female,3-4 hours,"Pop ğŸ¶, Hip-Hop/Rap ğŸ¤",Yes,Music that matches my mood,song_1,Meuda - Tiakola,Meuda,Tiakola,2,1,3,1,4,3,4,1,2,2,2.75,1.6
95,4/5/2025 2:16:15,18,Male,3-4 hours,Hip-Hop/Rap ğŸ¤,Yes,Music that matches my mood,song_1,Anderson Park - Dali ,Anderson Park,Dali,2,3,2,2,3,4,2,3,3,3,2.5,3.0
96,4/5/2025 2:24:29,19,Female,3-4 hours,"Hip-Hop/Rap ğŸ¤, Jazz ğŸ·, Others",Yes,Music that matches my mood,song_1,Like Him - Tyler the creator ,Like Him,Tyler the creator,4,3,2,3,4,4,3,3,3,5,3.25,3.6
97,4/5/2025 15:47:13,20,Male,Less than 1 hour,"Pop ğŸ¶, Hip-Hop/Rap ğŸ¤, Classical ğŸ», Electronic/Dance ğŸ§‘â€ğŸ¤",Yes,Music that contrasts with my mood,song_1,One Call Away - Charlie Puth,One Call Away,Charlie Puth,1,1,1,2,1,2,3,3,2,3,1.25,2.2
98,4/6/2025 16:49:06,22,Male,3-4 hours,"Pop ğŸ¶, Hip-Hop/Rap ğŸ¤, Country ğŸª‡, Others",Yes,Music that matches my mood,song_1,Soft spot - keshi,Soft spot,keshi,5,3,4,3,4,3,4,4,5,4,4.5,3.4
99,4/7/2025 20:15:22,20,Female,1-2 hours,"Pop ğŸ¶, Rock ğŸ¸",Yes,Music that contrasts with my mood,song_1,Happy - Pharrell Williams,Happy,Pharrell Williams,3,1,2,1,2,1,1,1,1,1,2.0,1.0
100,4/7/2025 20:18:26,19,Prefer not to say,More than 5 hours,"Pop ğŸ¶, Rock ğŸ¸, Jazz ğŸ·, Electronic/Dance ğŸ§‘â€ğŸ¤",No,"I just put random music as bgm, not intentionally choosing",song_1,NEMONEMO - YENA,NEMONEMO,YENA,5,3,3,3,4,3,2,1,1,1,3.25,2.2
101,4/7/2025 20:23:35,23,Male,1-2 hours,"Pop ğŸ¶, Rock ğŸ¸, Metal ğŸ‘¨â€ğŸ¤",Yes,My songlist randomly ,song_1,ã‚·ãƒ«ã‚¨ãƒƒãƒˆï¼Kana-boom,ã‚·ãƒ«ã‚¨ãƒƒãƒˆï¼Kana,boom,4,3,4,2,4,4,5,2,4,4,4.0,3.0
102,4/7/2025 20:54:53,22,Male,1-2 hours,"Pop ğŸ¶, Rock ğŸ¸, Jazz ğŸ·",Yes,Music that contrasts with my mood,song_1,à¸à¸¥à¸±à¸§ - tattoo colour,à¸à¸¥à¸±à¸§,tattoo colour,4,3,2,2,4,5,3,3,3,2,3.25,3.0
103,4/7/2025 21:42:12,21,Female,1-2 hours,"Pop ğŸ¶, Rock ğŸ¸, Hip-Hop/Rap ğŸ¤",Yes,relaxing music,song_1,æœã¦ãªã„ç©º/åµ,æœã¦ãªã„ç©º/åµ,,1,1,1,2,2,1,2,3,3,2,1.75,1.8
104,4/7/2025 21:54:10,23,Female,1-2 hours,"Pop ğŸ¶, Rock ğŸ¸, Metal ğŸ‘¨â€ğŸ¤",Yes,Music that I want to listen at that time (It can be matches my mood or contrast with my mood),song_1,ã‚ªãƒ¬ãƒ³ã‚¸ - spyair,ã‚ªãƒ¬ãƒ³ã‚¸,spyair,3,3,3,4,4,4,3,2,4,2,3.5,3.0
105,4/7/2025 22:16:30,23,Female,1-2 hours,"Pop ğŸ¶, Hip-Hop/Rap ğŸ¤, Others",Yes,Music that matches my mood,song_1,Mona Lisa - Jhope,Mona Lisa,Jhope,3,2,4,3,3,2,2,4,3,2,3.25,2.6
106,4/7/2025 22:45:09,22,Female,1-2 hours,Pop ğŸ¶,No,I don't listen to music when feeling down,song_1,shape of you,shape of you,,2,1,2,1,1,2,2,2,1,1,1.5,1.4
107,4/8/2025 9:29:48,19,Female,3-4 hours,"Pop ğŸ¶, Rock ğŸ¸, Classical ğŸ», Metal ğŸ‘¨â€ğŸ¤",Yes,Music that contrasts with my mood,song_1,Toxic Garbage Island - Gojira,Toxic Garbage Island,Gojira,4,2,5,2,4,3,3,3,4,2,4.25,2.4
108,4/8/2025 17:38:51,21,Male,3-4 hours,"Pop ğŸ¶, Rock ğŸ¸, Hip-Hop/Rap ğŸ¤, Country ğŸª‡, Classical ğŸ», Jazz ğŸ·, Folk ğŸª—, Metal ğŸ‘¨â€ğŸ¤, Electronic/Dance ğŸ§‘â€ğŸ¤, Others",Yes,Music that contrasts with my mood,song_1,Hot 2 Hot 4eve,Hot 2 Hot 4eve,,3,4,3,4,4,3,3,4,3,3,3.25,3.6
109,4/4/2025 0:09:15,22,Male,1-2 hours,"Pop ğŸ¶, Classical ğŸ», Jazz ğŸ·",Yes,Music that matches my mood,song_2,Killer tune kills me - kirinji,Killer tune kills me,kirinji,4,1,4,3,5,1,4,1,4,2,4.25,1.6
110,4/4/2025 0:09:40,22,Male,1-2 hours,"Pop ğŸ¶, Hip-Hop/Rap ğŸ¤, Electronic/Dance ğŸ§‘â€ğŸ¤",No,I don't listen to music when feeling down,song_2,Better Together - Jack Johnson,Better Together,Jack Johnson,5,4,5,2,4,4,3,2,2,2,4.0,2.8
111,4/4/2025 0:11:42,21,Male,Less than 1 hour,"Pop ğŸ¶, Hip-Hop/Rap ğŸ¤, Metal ğŸ‘¨â€ğŸ¤",No,I don't listen to music when feeling down,song_2,Thatâ€™s So True - Gracie Abrams ,Thatâ€™s So True,Gracie Abrams,3,1,5,1,5,2,5,3,1,4,3.5,2.2
112,4/4/2025 0:14:05,22,Female,1-2 hours,"Pop ğŸ¶, Rock ğŸ¸, Electronic/Dance ğŸ§‘â€ğŸ¤, Others",Yes,Music that matches my mood,song_2,Cinderella - Remi Wolf,Cinderella,Remi Wolf,4,3,4,3,2,1,3,1,3,4,3.25,2.4
113,4/4/2025 0:58:36,20,Female,1-2 hours,"Rock ğŸ¸, Hip-Hop/Rap ğŸ¤, Electronic/Dance ğŸ§‘â€ğŸ¤, Others",Yes,Music that contrasts with my mood,song_2,Raingurl de Yaeji,Raingurl,de Yaeji,5,5,5,3,5,3,2,1,3,5,4.5,3.4
114,4/4/2025 0:59:13,20,Male,3-4 hours,"Pop ğŸ¶, Rock ğŸ¸",No,Music that matches my mood,song_2,Lâ€™amour de ma vie - Billie Eilish,Lâ€™amour de ma vie,Billie Eilish,5,5,5,5,5,5,5,5,5,5,5.0,5.0
115,4/4/2025 1:01:12,21,Male,1-2 hours,"Pop ğŸ¶, Rock ğŸ¸, Hip-Hop/Rap ğŸ¤, Electronic/Dance ğŸ§‘â€ğŸ¤",Yes,Both,song_2,Carnaval Breve - David Mackay,Carnaval Breve,David Mackay,3,3,3,1,3,1,1,1,2,1,2.75,1.4
116,4/4/2025 1:01:20,22,Female,Less than 1 hour,"Pop ğŸ¶, Rock ğŸ¸, Jazz ğŸ·",No,Music that matches my mood,song_2,The girl from hipanema,The girl from hipanema,,5,5,5,1,5,2,3,2,2,2,4.25,2.4
117,4/4/2025 1:02:23,22,Female,More than 5 hours,"Pop ğŸ¶, Hip-Hop/Rap ğŸ¤, Electronic/Dance ğŸ§‘â€ğŸ¤",Yes,Music that contrasts with my mood,song_2,sensation - houdi,sensation,houdi,5,5,5,1,4,3,1,1,3,2,4.25,2.4
118,4/4/2025 1:04:05,20,Female,1-2 hours,Pop ğŸ¶,Yes,Music that matches my mood,song_2,busy woman - sabrina carpenter,busy woman,sabrina carpenter,4,1,5,1,5,3,3,2,3,1,4.25,1.6
119,4/4/2025 1:04:47,20,Male,3-4 hours,"Pop ğŸ¶, Hip-Hop/Rap ğŸ¤, Electronic/Dance ğŸ§‘â€ğŸ¤, Others",Yes,Music that matches my mood,song_2,Take my heart - overrated ,Take my heart,overrated,4,3,2,2,3,2,2,2,2,3,2.75,2.4
120,4/4/2025 1:05:17,21,Female,1-2 hours,"Pop ğŸ¶, Hip-Hop/Rap ğŸ¤, Electronic/Dance ğŸ§‘â€ğŸ¤, Others",Yes,Music that matches my mood,song_2,UN AUTRE JOUR - FEMTOGO,UN AUTRE JOUR,FEMTOGO,5,3,5,2,5,4,3,3,4,3,4.75,3.0
121,4/4/2025 1:06:43,23,Male,3-4 hours,"Pop ğŸ¶, Rock ğŸ¸, Electronic/Dance ğŸ§‘â€ğŸ¤",Yes,Music that matches my mood,song_2,Coldplay - Higher Power,Coldplay,Higher Power,5,4,4,2,4,2,3,1,4,1,4.25,2.0
122,4/4/2025 1:06:59,22,Male,1-2 hours,"Rock ğŸ¸, Hip-Hop/Rap ğŸ¤, Classical ğŸ», Others",No,Music that matches my mood,song_2,Encore et encore - Francis Cabrel ,Encore et encore,Francis Cabrel,4,1,5,3,5,2,5,1,4,2,4.5,1.8
123,4/4/2025 1:07:01,21,Female,3-4 hours,"Pop ğŸ¶, Hip-Hop/Rap ğŸ¤",No,Music that matches my mood,song_2,"Music box , Survivor","Music box , Survivor",,3,2,4,3,4,4,1,2,2,3,3.25,2.8
124,4/4/2025 1:07:44,21,Male,1-2 hours,"Pop ğŸ¶, Hip-Hop/Rap ğŸ¤, Classical ğŸ», Jazz ğŸ·",Yes,I don't listen to music when feeling down,song_2,Retrouver l'aube Colors,Retrouver l'aube Colors,,5,2,4,4,3,3,2,2,2,1,3.5,2.4
125,4/4/2025 1:10:49,20,Male,Less than 1 hour,"Pop ğŸ¶, Rock ğŸ¸, Hip-Hop/Rap ğŸ¤, Others",Yes,Music that contrasts with my mood,song_2,Birds - Imagine Dragons,Birds,Imagine Dragons,5,4,5,3,4,2,3,1,3,3,4.25,2.6
126,4/4/2025 1:12:40,22,Male,Less than 1 hour,"Rock ğŸ¸, Hip-Hop/Rap ğŸ¤, Electronic/Dance ğŸ§‘â€ğŸ¤",No,Music that contrasts with my mood,song_2,La bandite-Jul,La bandite,Jul,3,3,4,3,4,4,3,3,3,3,3.5,3.2
127,4/4/2025 1:13:11,20,Female,More than 5 hours,"Pop ğŸ¶, Rock ğŸ¸, Hip-Hop/Rap ğŸ¤, Electronic/Dance ğŸ§‘â€ğŸ¤",Yes,Music that matches my mood,song_2,YOUâ€™RE THE ONE - KAYTRANADA,YOUâ€™RE THE ONE,KAYTRANADA,3,2,3,4,4,4,2,3,2,3,3.0,3.2
128,4/4/2025 1:16:32,20,Male,1-2 hours,"Pop ğŸ¶, Rock ğŸ¸, Classical ğŸ», Jazz ğŸ·, Folk ğŸª—",Yes,Music that contrasts with my mood,song_2,Let's Kill Tonight - Panic! at the Disco,Let's Kill Tonight,Panic! at the Disco,4,5,4,1,5,2,3,1,3,1,4.0,2.0
129,4/4/2025 1:19:13,22,Male,1-2 hours,"Pop ğŸ¶, Rock ğŸ¸",No,Music I always listen to,song_2,Sympathy for the devil - The rolling stones,Sympathy for the devil,The rolling stones,5,3,4,2,3,2,3,2,2,1,3.5,2.0
130,4/4/2025 1:23:03,23,Male,More than 5 hours,"Pop ğŸ¶, Rock ğŸ¸, Hip-Hop/Rap ğŸ¤, Country ğŸª‡, Classical ğŸ», Jazz ğŸ·, Folk ğŸª—, Metal ğŸ‘¨â€ğŸ¤, Electronic/Dance ğŸ§‘â€ğŸ¤, Others",No,I don't listen to music when feeling down,song_2,Romeo And Julie - Dire Straits,Romeo And Julie,Dire Straits,2,5,1,5,1,5,1,5,1,5,1.25,5.0
131,4/4/2025 1:23:06,55,Female,Less than 1 hour,"Country ğŸª‡, Classical ğŸ», Others",Yes,My playlist ,song_2,Take me a church ,Take me a church ,,1,1,3,3,2,3,2,3,1,3,1.75,2.6
132,4/4/2025 1:31:10,26,Male,1-2 hours,"Rock ğŸ¸, Country ğŸª‡, Jazz ğŸ·, Metal ğŸ‘¨â€ğŸ¤, Electronic/Dance ğŸ§‘â€ğŸ¤",Yes,Music that contrasts with my mood,song_2,El Tesoro - Ã‰l MatÃ³ A Un PolicÃ­a Motorizado,El Tesoro,Ã‰l MatÃ³ A Un PolicÃ­a Motorizado,3,1,3,2,4,2,2,2,4,2,3.5,1.8
133,4/4/2025 1:32:07,22,Male,3-4 hours,"Pop ğŸ¶, Rock ğŸ¸, Electronic/Dance ğŸ§‘â€ğŸ¤, Others",Yes,Music that matches my mood,song_2,Ciel - GIMS,Ciel,GIMS,4,4,4,2,3,4,2,4,2,3,3.25,3.4
134,4/4/2025 1:32:54,52,Male,1-2 hours,"Pop ğŸ¶, Hip-Hop/Rap ğŸ¤, Jazz ğŸ·",Yes,Music that matches my mood,song_2,Georges Michael Careless Whisper,Georges Michael Careless Whisper,,3,2,5,3,3,3,5,1,2,1,3.25,2.0
135,4/4/2025 1:36:34,22,Male,3-4 hours,"Rock ğŸ¸, Metal ğŸ‘¨â€ğŸ¤",No,The type I listen to - no distinctions,song_2,Check my brain - alice in chains,Check my brain,alice in chains,4,1,4,1,4,2,4,3,4,3,4.0,2.0
136,4/4/2025 1:37:24,20,Male,1-2 hours,"Rock ğŸ¸, Hip-Hop/Rap ğŸ¤",No,I don't listen to music when feeling down,song_2,Cinderella man,Cinderella man,,1,1,1,1,1,1,1,1,1,1,1.0,1.0
137,4/4/2025 1:40:12,20,Male,1-2 hours,"Pop ğŸ¶, Hip-Hop/Rap ğŸ¤, Electronic/Dance ğŸ§‘â€ğŸ¤",Yes,"If I'm stressed, I listen to classical music to relax. If I'm feeling down I listen to NÃ©pal",song_2,Here We Go Again - Oliver Tree,Here We Go Again,Oliver Tree,1,2,4,2,5,2,1,2,2,1,3.0,1.8
138,4/4/2025 1:41:12,22,Male,1-2 hours,"Rock ğŸ¸, Electronic/Dance ğŸ§‘â€ğŸ¤",Yes,Music that contrasts with my mood,song_2,I wish I never loved you - Le Shiv,I wish I never loved you,Le Shiv,4,2,3,2,4,2,3,2,4,1,3.75,1.8
139,4/4/2025 1:44:37,21,Female,More than 5 hours,"Rock ğŸ¸, Hip-Hop/Rap ğŸ¤, Classical ğŸ», Jazz ğŸ·, Electronic/Dance ğŸ§‘â€ğŸ¤",Yes,Music that matches my mood,song_2,Feel Good Inc. - Gorillaz,Feel Good Inc.,Gorillaz,4,1,4,1,4,3,3,2,3,2,3.75,1.8
140,4/4/2025 1:50:04,20,Male,1-2 hours,"Classical ğŸ», Others",No,Music that matches my mood,song_2,Les trompettes de la renomÃ©e - Brassens,Les trompettes de la renomÃ©e,Brassens,4,4,2,1,2,1,3,1,2,1,2.5,1.6
141,4/4/2025 1:54:34,23,Male,3-4 hours,Hip-Hop/Rap ğŸ¤,No,Music that contrasts with my mood,song_2,All Good Things Come To an End- Nelly Furtado,All Good Things Come To an End,Nelly Furtado,3,2,4,4,5,3,4,1,5,3,4.25,2.6
142,4/4/2025 1:55:35,23,Male,1-2 hours,"Rock ğŸ¸, Classical ğŸ», Jazz ğŸ·, Others",Yes,Sometimes music that matches my mood and sometimes music that contrasts my mood,song_2,A Love Surpreme - John Coltrane,A Love Surpreme,John Coltrane,4,4,2,2,4,3,2,2,3,2,3.25,2.6
143,4/4/2025 1:55:50,22,Male,3-4 hours,"Pop ğŸ¶, Others",Yes,Music that matches my mood,song_2,Baby Tee - GALCHANIE,Baby Tee,GALCHANIE,4,2,5,1,4,1,2,1,3,1,4.0,1.2
144,4/4/2025 2:11:36,25,Female,Less than 1 hour,Pop ğŸ¶,No,Music that matches my mood,song_2,Pink pony club - chapell roan,Pink pony club,chapell roan,3,3,1,5,4,4,2,1,2,5,2.5,3.6
145,4/4/2025 2:16:21,22,Male,1-2 hours,"Rock ğŸ¸, Metal ğŸ‘¨â€ğŸ¤",No,Music that matches my mood,song_2,The Lost Art Of Keeping A Secret - Queens of the Stone Age,The Lost Art Of Keeping A Secret,Queens of the Stone Age,3,1,4,1,4,1,2,1,1,1,3.0,1.0
146,4/4/2025 2:16:36,18,Female,3-4 hours,"Pop ğŸ¶, Hip-Hop/Rap ğŸ¤, Others",Yes,Music that matches my mood,song_2,Thatâ€™s so true - Gracie Abrams,Thatâ€™s so true,Gracie Abrams,3,5,3,4,2,4,4,4,3,1,2.75,3.6
147,4/4/2025 2:18:17,21,Male,Less than 1 hour,"Pop ğŸ¶, Hip-Hop/Rap ğŸ¤, Classical ğŸ», Others",Yes,Music that contrasts with my mood,song_2,Is This Love - XG,Is This Love,XG,5,4,5,3,5,5,5,4,4,3,4.75,3.8
148,4/4/2025 2:21:38,22,Female,3-4 hours,"Pop ğŸ¶, Classical ğŸ», Others",Yes,Music that matches my mood,song_2,"24/7, 356 - Elijah Woods","24/7, 356",Elijah Woods,2,1,2,3,3,3,4,4,4,2,2.75,2.6
149,4/4/2025 2:27:21,23,Male,1-2 hours,Others,No,I don't listen to music when feeling down,song_2,Stay Inside - Sandy Rivera Remix,Stay Inside,Sandy Rivera Remix,3,3,4,4,2,4,1,2,1,1,2.5,2.8
150,4/4/2025 2:29:31,21,Male,1-2 hours,"Rock ğŸ¸, Hip-Hop/Rap ğŸ¤, Classical ğŸ», Others",Yes,Music that matches my mood,song_2,De amor eu nÃ£o morri - Lagum,De amor eu nÃ£o morri,Lagum,4,2,5,4,4,3,2,1,3,2,4.0,2.4
151,4/4/2025 2:31:28,22,Female,3-4 hours,"Pop ğŸ¶, Rock ğŸ¸, Hip-Hop/Rap ğŸ¤",Yes,Music that contrasts with my mood,song_2,Over the moon - TxT,Over the moon,TxT,5,1,5,1,3,3,3,1,5,1,4.5,1.4
152,4/4/2025 2:34:06,19,Female,1-2 hours,"Pop ğŸ¶, Hip-Hop/Rap ğŸ¤",Yes,Music that matches my mood,song_2,Stunner- TEN,Stunner,TEN,2,2,3,1,3,3,1,2,2,1,2.5,1.8
153,4/4/2025 2:34:23,22,Female,More than 5 hours,"Pop ğŸ¶, Rock ğŸ¸, Hip-Hop/Rap ğŸ¤, Classical ğŸ», Metal ğŸ‘¨â€ğŸ¤, Others",Yes,Music that matches my mood,song_2,Vanilla - Kai,Vanilla,Kai,3,1,5,1,5,3,5,1,3,1,4.0,1.4
154,4/4/2025 2:58:03,21,Female,3-4 hours,"Pop ğŸ¶, Rock ğŸ¸, Hip-Hop/Rap ğŸ¤, Classical ğŸ», Jazz ğŸ·, Others",No,Music that matches my mood,song_2,sheâ€™s always a woman - billy joel ,sheâ€™s always a woman,billy joel,3,4,4,1,4,5,1,2,2,1,3.25,2.6
155,4/4/2025 3:00:27,25,Male,More than 5 hours,"Pop ğŸ¶, Rock ğŸ¸, Country ğŸª‡, Classical ğŸ», Metal ğŸ‘¨â€ğŸ¤, Others",Yes,Music that contrasts with my mood,song_2,I Hope That I Don't Fall in Love with You - Tom Waits,I Hope That I Don't Fall in Love with You,Tom Waits,3,4,1,3,2,4,3,3,2,4,2.0,3.6
156,4/4/2025 3:03:12,21,Male,1-2 hours,"Pop ğŸ¶, Hip-Hop/Rap ğŸ¤, Metal ğŸ‘¨â€ğŸ¤",Yes,Music that matches my mood,song_2,PoupÃ©es russes - Kyo,PoupÃ©es russes,Kyo,1,1,4,4,4,1,1,1,4,1,3.25,1.6
157,4/4/2025 3:21:20,21,Female,3-4 hours,"Pop ğŸ¶, Hip-Hop/Rap ğŸ¤",No,I don't listen to music when feeling down,song_2,Nokia - drake,Nokia,drake,3,1,2,1,2,2,2,1,2,1,2.25,1.2
158,4/4/2025 3:24:52,20,Female,Less than 1 hour,Pop ğŸ¶,Yes,Music that matches my mood,song_2,Stargazing - Myles Smith ,Stargazing,Myles Smith,5,2,5,1,5,3,5,2,4,2,4.75,2.0
159,4/4/2025 3:35:50,21,Male,1-2 hours,Classical ğŸ»,Yes,Music that matches my mood,song_2,Espana - Emmanuel Chabrier,Espana,Emmanuel Chabrier,5,3,5,4,4,3,4,1,5,1,4.75,2.4
160,4/4/2025 3:46:18,21,Female,Less than 1 hour,"Pop ğŸ¶, Others",Yes,Music that contrasts with my mood,song_2,Someone in the crowd- Emma Stone,Someone in the crowd,Emma Stone,3,1,4,2,5,3,3,1,3,1,3.75,1.6
161,4/4/2025 4:05:40,19,Female,3-4 hours,"Pop ğŸ¶, Hip-Hop/Rap ğŸ¤, Jazz ğŸ·, Others",Yes,Music that matches my mood,song_2,Gelato - Stacy money ,Gelato,Stacy money,2,2,1,4,1,3,2,1,2,4,1.5,2.8
162,4/4/2025 4:22:41,25,Prefer not to say,Less than 1 hour,"Pop ğŸ¶, Rock ğŸ¸",Yes,Music that matches my mood,song_2,Espresso - Sabrina Carpenter,Espresso,Sabrina Carpenter,4,2,4,2,5,3,4,1,4,1,4.25,1.8
163,4/4/2025 5:20:51,21,Female,1-2 hours,Others,No,Music that matches my mood,song_2,Yellow - Treasure,Yellow,Treasure,2,2,1,2,2,2,1,1,2,1,1.75,1.6
164,4/4/2025 6:19:35,22,Female,Less than 1 hour,"Pop ğŸ¶, Hip-Hop/Rap ğŸ¤",No,Music that matches my mood,song_2,"Voy a llevarte pa pr, bad bunny ","Voy a llevarte pa pr, bad bunny ",,1,4,1,2,1,4,1,4,2,3,1.25,3.4
165,4/4/2025 7:07:00,21,Male,3-4 hours,"Pop ğŸ¶, Rock ğŸ¸, Hip-Hop/Rap ğŸ¤, Jazz ğŸ·",No,Music that matches my mood,song_2,BÃ©ni - BB Jacques ,BÃ©ni,BB Jacques,3,4,2,1,3,1,2,1,1,3,2.25,2.0
166,4/4/2025 7:14:05,22,Female,1-2 hours,"Pop ğŸ¶, Rock ğŸ¸, Others",Yes,Music that matches my mood,song_2,Hurts so good,Hurts so good,,3,4,2,3,3,4,4,4,3,2,2.75,3.4
167,4/4/2025 8:17:07,21,Male,1-2 hours,"Rock ğŸ¸, Hip-Hop/Rap ğŸ¤",Yes,Music that matches my mood,song_2,"Danse - Biga*Ranx, Atili",Danse,"Biga*Ranx, Atili",2,4,2,4,2,1,1,3,3,4,2.25,3.2
168,4/4/2025 8:37:52,22,Prefer not to say,3-4 hours,"Pop ğŸ¶, Hip-Hop/Rap ğŸ¤, Country ğŸª‡, Jazz ğŸ·, Folk ğŸª—, Electronic/Dance ğŸ§‘â€ğŸ¤, Others",Yes,"Both 1,2",song_2,Im not waiting for you -Gabriel,Im not waiting for you,Gabriel,3,4,4,2,2,5,3,4,4,5,3.25,4.0
169,4/4/2025 11:38:33,22,Female,3-4 hours,"Pop ğŸ¶, Rock ğŸ¸, Hip-Hop/Rap ğŸ¤, Others",Yes,Music that matches my mood,song_2,"Distance m-Flo remix (hikari utada,m-Flo)",Distance m,"Flo remix (hikari utada,m-Flo)",4,3,4,4,3,2,2,2,1,4,3.0,3.0
170,4/4/2025 11:48:24,22,Male,Less than 1 hour,"Electronic/Dance ğŸ§‘â€ğŸ¤, Others",No,I don't listen to music when feeling down,song_2,Chevalier mult estes guariz - ???,Chevalier mult estes guariz,???,4,5,2,1,4,1,5,1,2,2,3.0,2.0
171,4/4/2025 12:09:08,21,Male,1-2 hours,Hip-Hop/Rap ğŸ¤,No,Music that matches my mood,song_2,Rich niggaz - J.Cole,Rich niggaz,J.Cole,1,1,4,1,3,4,1,1,1,1,2.25,1.6
172,4/4/2025 12:41:02,23,Female,1-2 hours,"Pop ğŸ¶, Rock ğŸ¸, Hip-Hop/Rap ğŸ¤, Classical ğŸ», Jazz ğŸ·, Metal ğŸ‘¨â€ğŸ¤, Electronic/Dance ğŸ§‘â€ğŸ¤",Yes,Music that contrasts with my mood,song_2,Cupidâ€™s Girl - Marina,Cupidâ€™s Girl,Marina,4,2,4,3,4,2,3,1,4,2,4.0,2.0
173,4/4/2025 13:50:20,22,Female,3-4 hours,"Pop ğŸ¶, Rock ğŸ¸, Others",No,Music that matches my mood,song_2,Californiaca - La Gusana Ciega,Californiaca,La Gusana Ciega,2,5,3,3,2,5,2,2,3,3,2.5,3.6
174,4/4/2025 14:49:33,21,Female,3-4 hours,"Pop ğŸ¶, Rock ğŸ¸, Hip-Hop/Rap ğŸ¤",No,Music that matches my mood,song_2,2 On (feat. ScHoolboy) - Tinashe,2 On (feat. ScHoolboy),Tinashe,5,2,5,1,5,2,5,1,5,1,5.0,1.4
175,4/4/2025 15:14:47,22,Female,1-2 hours,"Pop ğŸ¶, Hip-Hop/Rap ğŸ¤",Yes,Music that contrasts with my mood,song_2,maddy - yoa,maddy,yoa,3,2,2,4,3,4,2,2,2,4,2.5,3.2
176,4/4/2025 15:15:24,23,Male,1-2 hours,"Pop ğŸ¶, Hip-Hop/Rap ğŸ¤",Yes,Music that matches my mood,song_2,Manasilaayo - Anirudh Ravichander,Manasilaayo,Anirudh Ravichander,5,5,5,2,3,1,1,1,4,1,4.25,2.0
177,4/4/2025 15:25:54,24,Female,1-2 hours,"Pop ğŸ¶, Rock ğŸ¸, Folk ğŸª—, Electronic/Dance ğŸ§‘â€ğŸ¤",No,Music that contrasts with my mood,song_2,That's What I Want - Lil Nas X,That's What I Want,Lil Nas X,4,2,3,1,2,4,3,2,1,1,2.5,2.0
178,4/4/2025 15:28:33,21,Female,1-2 hours,"Pop ğŸ¶, Jazz ğŸ·",Yes,Music that matches my mood,song_2,Get it together - Drake,Get it together,Drake,4,1,4,2,4,2,1,1,3,2,3.75,1.6
179,4/4/2025 15:33:22,24,Male,3-4 hours,"Pop ğŸ¶, Rock ğŸ¸, Hip-Hop/Rap ğŸ¤, Others",Yes,Music that matches my mood,song_2,Viva la vida-Coldplay ,Viva la vida,Coldplay,4,2,4,2,5,4,4,3,4,2,4.25,2.6
180,4/4/2025 15:44:04,21,Female,1-2 hours,"Hip-Hop/Rap ğŸ¤, Others",Yes,Music that matches my mood,song_2,You - coco Jones ,You,coco Jones,2,2,2,3,2,3,1,1,1,2,1.75,2.2
181,4/4/2025 15:53:38,29,Female,More than 5 hours,"Pop ğŸ¶, Rock ğŸ¸, Electronic/Dance ğŸ§‘â€ğŸ¤, Others",No,Music that matches my mood,song_2,"The Motto - Tiesto, Ava Max",The Motto,"Tiesto, Ava Max",3,4,4,3,3,2,2,1,2,3,3.0,2.6
182,4/4/2025 16:01:22,31,Male,1-2 hours,"Pop ğŸ¶, Rock ğŸ¸, Jazz ğŸ·, Electronic/Dance ğŸ§‘â€ğŸ¤, Others",No,Music that matches my mood,song_2,The stars get dark - INABAKUMORI,The stars get dark,INABAKUMORI,4,1,3,1,3,1,3,1,4,2,3.5,1.2
183,4/4/2025 16:21:39,17,Male,1-2 hours,"Pop ğŸ¶, Rock ğŸ¸, Hip-Hop/Rap ğŸ¤, Electronic/Dance ğŸ§‘â€ğŸ¤",No,no specific type,song_2,BLACK FLAG FREESTYLE - Denzel Curry,BLACK FLAG FREESTYLE,Denzel Curry,3,2,4,2,4,2,2,1,3,3,3.5,2.0
184,4/4/2025 17:10:37,21,Female,1-2 hours,"Pop ğŸ¶, Rock ğŸ¸, Hip-Hop/Rap ğŸ¤, Electronic/Dance ğŸ§‘â€ğŸ¤",No,Music that matches my mood,song_2,Sports Car - Tate McRae,Sports Car,Tate McRae,4,3,4,3,4,5,1,2,3,2,3.75,3.0
185,4/4/2025 17:25:02,22,Prefer not to say,3-4 hours,"Pop ğŸ¶, Rock ğŸ¸, Hip-Hop/Rap ğŸ¤, Country ğŸª‡, Jazz ğŸ·, Folk ğŸª—, Electronic/Dance ğŸ§‘â€ğŸ¤",Yes,taylor swift<3,song_2,sailor song - gigi perez,sailor song,gigi perez,3,5,4,4,4,4,4,3,4,2,3.75,3.6
186,4/4/2025 18:16:30,21,Female,1-2 hours,"Pop ğŸ¶, Others",No,Music that matches my mood,song_2,Back to friends - sombr ,Back to friends,sombr,3,1,5,1,5,2,3,1,2,2,3.75,1.4
187,4/4/2025 18:16:48,22,Male,More than 5 hours,"Electronic/Dance ğŸ§‘â€ğŸ¤, Others",No,It is the same regardless of mood. Also side note: what are the psychometrics of the scale you used in section 3?,song_2,UnRelatable - Zay Dante,UnRelatable,Zay Dante,5,5,2,3,5,5,2,5,2,5,3.5,4.6
188,4/4/2025 18:18:01,16,Female,More than 5 hours,"Pop ğŸ¶, Hip-Hop/Rap ğŸ¤, Folk ğŸª—, Others",Yes,Both that match my mood and that contrast with it.,song_2,The crime Taylor Bickett,The crime Taylor Bickett,,2,4,5,4,3,4,3,1,4,4,3.5,3.4
189,4/4/2025 18:21:58,21,Female,1-2 hours,"Pop ğŸ¶, Rock ğŸ¸, Hip-Hop/Rap ğŸ¤",Yes,Music that matches my mood,song_2,Oscar winning tears - Raye,Oscar winning tears,Raye,2,1,2,1,3,1,1,1,3,1,2.5,1.0
190,4/4/2025 18:51:45,19,Female,3-4 hours,Pop ğŸ¶,Yes,Answer 1 and 2,song_2,Shivers - Ed Sheeran,Shivers,Ed Sheeran,3,4,2,3,3,4,2,2,4,4,3.0,3.4
191,4/4/2025 18:55:06,26,Male,3-4 hours,"Pop ğŸ¶, Electronic/Dance ğŸ§‘â€ğŸ¤",Yes,Music that contrasts with my mood,song_2,"Getaway - Tritonal, Angel Taylor, Koven",Getaway,"Tritonal, Angel Taylor, Koven",4,2,3,1,4,4,3,3,4,2,3.75,2.4
192,4/4/2025 18:55:42,22,Male,Less than 1 hour,"Pop ğŸ¶, Rock ğŸ¸, Hip-Hop/Rap ğŸ¤, Classical ğŸ»",Yes,Music that contrasts with my mood,song_2,Hey Now - Martin Solveig,Hey Now,Martin Solveig,2,1,4,3,4,3,2,1,2,1,3.0,1.8
193,4/4/2025 18:56:43,22,Female,1-2 hours,"Pop ğŸ¶, Hip-Hop/Rap ğŸ¤, Classical ğŸ», Others",Yes,Music that contrasts with my mood,song_2,Lovers-Anna of the North,Lovers,Anna of the North,2,2,4,1,2,2,4,1,5,1,3.25,1.4
194,4/4/2025 20:24:05,21,Female,1-2 hours,"Pop ğŸ¶, Rock ğŸ¸, Hip-Hop/Rap ğŸ¤, Classical ğŸ», Jazz ğŸ·",Yes,Music that matches my mood,song_2,The winner takes it all - ABBA,The winner takes it all,ABBA,3,3,5,5,4,5,3,5,4,5,4.0,4.6
195,4/4/2025 20:27:25,30,Male,3-4 hours,"Pop ğŸ¶, Rock ğŸ¸, Hip-Hop/Rap ğŸ¤, Country ğŸª‡, Classical ğŸ», Jazz ğŸ·, Metal ğŸ‘¨â€ğŸ¤, Electronic/Dance ğŸ§‘â€ğŸ¤",Yes,Music that contrasts with my mood,song_2,The gambler - kenny rogers,The gambler,kenny rogers,5,5,5,3,5,3,5,3,5,3,5.0,3.4
196,4/4/2025 21:16:58,22,Female,1-2 hours,"Pop ğŸ¶, Hip-Hop/Rap ğŸ¤",Yes,Music that matches my mood,song_2,1-800-hot-n-fun - LE SSERAFIM,1,800-hot-n-fun - LE SSERAFIM,4,3,5,2,4,3,5,1,4,2,4.25,2.2
197,4/4/2025 22:03:09,18,Male,1-2 hours,"Pop ğŸ¶, Classical ğŸ», Others",Yes,"Both rep 1 and 3, depend of the moment",song_2,You see big girl - Sawano Hiroyuki,You see big girl,Sawano Hiroyuki,4,4,3,2,3,4,1,3,2,3,3.0,3.2
198,4/4/2025 22:52:54,18,Male,More than 5 hours,"Pop ğŸ¶, Rock ğŸ¸, Metal ğŸ‘¨â€ğŸ¤",Yes,Music that contrasts with my mood,song_2,PÃ©tunias - werenoi,PÃ©tunias,werenoi,5,5,5,5,5,5,5,5,5,5,5.0,5.0
199,4/4/2025 22:54:01,24,Male,Less than 1 hour,"Rock ğŸ¸, Hip-Hop/Rap ğŸ¤, Classical ğŸ», Others",Yes,I start with music that match my mood and progressively go to the mood I want to reach,song_2,Don't look back in anger - Oasis,Don't look back in anger,Oasis,4,3,4,4,4,3,3,3,4,4,4.0,3.4
200,4/5/2025 0:46:23,18,Male,1-2 hours,"Pop ğŸ¶, Rock ğŸ¸",Yes,Music that matches my mood,song_2,Die with a smile - Bruno Mars,Die with a smile,Bruno Mars,5,5,3,2,4,3,4,2,4,1,4.0,2.6
201,4/5/2025 1:21:55,21,Female,1-2 hours,"Pop ğŸ¶, Others",No,Music that contrasts with my mood,song_2,Voy Ã  llevarte pa pr - Bad Bunny,Voy Ã  llevarte pa pr,Bad Bunny,3,3,5,1,5,1,3,1,3,1,4.0,1.4
202,4/5/2025 1:38:34,21,Female,3-4 hours,"Pop ğŸ¶, Rock ğŸ¸, Hip-Hop/Rap ğŸ¤, Classical ğŸ», Jazz ğŸ·, Electronic/Dance ğŸ§‘â€ğŸ¤, Others",No,Music that matches my mood,song_2,Staline - elgrande toto,Staline,elgrande toto,4,3,4,3,4,2,3,2,4,3,4.0,2.6
203,4/5/2025 2:04:22,19,Female,3-4 hours,"Pop ğŸ¶, Hip-Hop/Rap ğŸ¤",Yes,Music that matches my mood,song_2,Stay a little longer - RosÃ©,Stay a little longer,RosÃ©,2,1,3,1,4,3,4,1,2,2,2.75,1.6
204,4/5/2025 2:16:15,18,Male,3-4 hours,Hip-Hop/Rap ğŸ¤,Yes,Music that matches my mood,song_2,Blue - Yung Kai ,Blue,Yung Kai,2,3,2,2,3,4,2,3,3,3,2.5,3.0
205,4/5/2025 2:24:29,19,Female,3-4 hours,"Hip-Hop/Rap ğŸ¤, Jazz ğŸ·, Others",Yes,Music that matches my mood,song_2,Dmtf - bad bunny ,Dmtf,bad bunny,4,3,2,3,4,4,3,3,3,5,3.25,3.6
206,4/5/2025 15:47:13,20,Male,Less than 1 hour,"Pop ğŸ¶, Hip-Hop/Rap ğŸ¤, Classical ğŸ», Electronic/Dance ğŸ§‘â€ğŸ¤",Yes,Music that contrasts with my mood,song_2,Something Just Like This - Coldplay,Something Just Like This,Coldplay,1,1,1,2,1,2,3,3,2,3,1.25,2.2
207,4/6/2025 16:49:06,22,Male,3-4 hours,"Pop ğŸ¶, Hip-Hop/Rap ğŸ¤, Country ğŸª‡, Others",Yes,Music that matches my mood,song_2,à¸£à¸±à¸à¸›à¸­à¸™à¸›à¸­à¸™ - Micro,à¸£à¸±à¸à¸›à¸­à¸™à¸›à¸­à¸™,Micro,5,3,4,3,4,3,4,4,5,4,4.5,3.4
208,4/7/2025 20:15:22,20,Female,1-2 hours,"Pop ğŸ¶, Rock ğŸ¸",Yes,Music that contrasts with my mood,song_2,Feel Good Inc - Gorillaz,Feel Good Inc,Gorillaz,3,1,2,1,2,1,1,1,1,1,2.0,1.0
209,4/7/2025 20:18:26,19,Prefer not to say,More than 5 hours,"Pop ğŸ¶, Rock ğŸ¸, Jazz ğŸ·, Electronic/Dance ğŸ§‘â€ğŸ¤",No,"I just put random music as bgm, not intentionally choosing",song_2,Juno - Sabrina Carpenter,Juno,Sabrina Carpenter,5,3,3,3,4,3,2,1,1,1,3.25,2.2
210,4/7/2025 20:23:35,23,Male,1-2 hours,"Pop ğŸ¶, Rock ğŸ¸, Metal ğŸ‘¨â€ğŸ¤",Yes,My songlist randomly ,song_2,à¸ªà¸­à¸‡à¸¡à¸²à¸•à¸£à¸à¸²à¸™-Only Monday,à¸ªà¸­à¸‡à¸¡à¸²à¸•à¸£à¸à¸²à¸™,Only Monday,4,3,4,2,4,4,5,2,4,4,4.0,3.0
211,4/7/2025 20:54:53,22,Male,1-2 hours,"Pop ğŸ¶, Rock ğŸ¸, Jazz ğŸ·",Yes,Music that contrasts with my mood,song_2,Palette - IU,Palette,IU,4,3,2,2,4,5,3,3,3,2,3.25,3.0
212,4/7/2025 21:42:12,21,Female,1-2 hours,"Pop ğŸ¶, Rock ğŸ¸, Hip-Hop/Rap ğŸ¤",Yes,relaxing music,song_2,circles/seventeen,circles/seventeen,,1,1,1,2,2,1,2,3,3,2,1.75,1.8
213,4/7/2025 21:54:10,23,Female,1-2 hours,"Pop ğŸ¶, Rock ğŸ¸, Metal ğŸ‘¨â€ğŸ¤",Yes,Music that I want to listen at that time (It can be matches my mood or contrast with my mood),song_2,Puppet Canâ€™t Control you (Japanese Version) - One Ok Rock,Puppet Canâ€™t Control you (Japanese Version),One Ok Rock,3,3,3,4,4,4,3,2,4,2,3.5,3.0
214,4/7/2025 22:16:30,23,Female,1-2 hours,"Pop ğŸ¶, Hip-Hop/Rap ğŸ¤, Others",Yes,Music that matches my mood,song_2,Deja Vu - TXT,Deja Vu,TXT,3,2,4,3,3,2,2,4,3,2,3.25,2.6
215,4/7/2025 22:45:09,22,Female,1-2 hours,Pop ğŸ¶,No,I don't listen to music when feeling down,song_2,what makes you beautiful ,what makes you beautiful ,,2,1,2,1,1,2,2,2,1,1,1.5,1.4
216,4/8/2025 9:29:48,19,Female,3-4 hours,"Pop ğŸ¶, Rock ğŸ¸, Classical ğŸ», Metal ğŸ‘¨â€ğŸ¤",Yes,Music that contrasts with my mood,song_2,Waking the Demon - Bullet For My Valentines,Waking the Demon,Bullet For My Valentines,4,2,5,2,4,3,3,3,4,2,4.25,2.4
217,4/8/2025 17:38:51,21,Male,3-4 hours,"Pop ğŸ¶, Rock ğŸ¸, Hip-Hop/Rap ğŸ¤, Country ğŸª‡, Classical ğŸ», Jazz ğŸ·, Folk ğŸª—, Metal ğŸ‘¨â€ğŸ¤, Electronic/Dance ğŸ§‘â€ğŸ¤, Others",Yes,Music that contrasts with my mood,song_2,Sweetest Pie Megan Thee Stallion and Dua Lipa,Sweetest Pie Megan Thee Stallion and Dua Lipa,,3,4,3,4,4,3,3,4,3,3,3.25,3.6
218,4/4/2025 0:09:15,22,Male,1-2 hours,"Pop ğŸ¶, Classical ğŸ», Jazz ğŸ·",Yes,Music that matches my mood,song_3,omoikiri - indigo la end,omoikiri,indigo la end,4,1,4,3,5,1,4,1,4,2,4.25,1.6
219,4/4/2025 0:09:40,22,Male,1-2 hours,"Pop ğŸ¶, Hip-Hop/Rap ğŸ¤, Electronic/Dance ğŸ§‘â€ğŸ¤",No,I don't listen to music when feeling down,song_3,New Light - John Mayer,New Light,John Mayer,5,4,5,2,4,4,3,2,2,2,4.0,2.8
220,4/4/2025 0:11:42,21,Male,Less than 1 hour,"Pop ğŸ¶, Hip-Hop/Rap ğŸ¤, Metal ğŸ‘¨â€ğŸ¤",No,I don't listen to music when feeling down,song_3,à¸à¸³à¹€à¹€à¸à¸‡à¸«à¸±à¸§à¹ƒà¸ˆ - Mirr,à¸à¸³à¹€à¹€à¸à¸‡à¸«à¸±à¸§à¹ƒà¸ˆ,Mirr,3,1,5,1,5,2,5,3,1,4,3.5,2.2
221,4/4/2025 0:14:05,22,Female,1-2 hours,"Pop ğŸ¶, Rock ğŸ¸, Electronic/Dance ğŸ§‘â€ğŸ¤, Others",Yes,Music that matches my mood,song_3,Le Freak - CHIC,Le Freak,CHIC,4,3,4,3,2,1,3,1,3,4,3.25,2.4
222,4/4/2025 0:58:36,20,Female,1-2 hours,"Rock ğŸ¸, Hip-Hop/Rap ğŸ¤, Electronic/Dance ğŸ§‘â€ğŸ¤, Others",Yes,Music that contrasts with my mood,song_3,Cartoon sex de Miki,Cartoon sex,de Miki,5,5,5,3,5,3,2,1,3,5,4.5,3.4
223,4/4/2025 0:59:13,20,Male,3-4 hours,"Pop ğŸ¶, Rock ğŸ¸",No,Music that matches my mood,song_3,Best day ever - Mac Miller,Best day ever,Mac Miller,5,5,5,5,5,5,5,5,5,5,5.0,5.0
224,4/4/2025 1:01:12,21,Male,1-2 hours,"Pop ğŸ¶, Rock ğŸ¸, Hip-Hop/Rap ğŸ¤, Electronic/Dance ğŸ§‘â€ğŸ¤",Yes,Both,song_3,"Young, Wild and Free - Snoop Dog","Young, Wild and Free",Snoop Dog,3,3,3,1,3,1,1,1,2,1,2.75,1.4
225,4/4/2025 1:01:20,22,Female,Less than 1 hour,"Pop ğŸ¶, Rock ğŸ¸, Jazz ğŸ·",No,Music that matches my mood,song_3,Un homme heureux - william sheller,Un homme heureux,william sheller,5,5,5,1,5,2,3,2,2,2,4.25,2.4
226,4/4/2025 1:02:23,22,Female,More than 5 hours,"Pop ğŸ¶, Hip-Hop/Rap ğŸ¤, Electronic/Dance ğŸ§‘â€ğŸ¤",Yes,Music that contrasts with my mood,song_3,wildflower - billie eilish,wildflower,billie eilish,5,5,5,1,4,3,1,1,3,2,4.25,2.4
227,4/4/2025 1:04:05,20,Female,1-2 hours,Pop ğŸ¶,Yes,Music that matches my mood,song_3,i love you i m sorry - gracie abrams,i love you i m sorry,gracie abrams,4,1,5,1,5,3,3,2,3,1,4.25,1.6
228,4/4/2025 1:04:47,20,Male,3-4 hours,"Pop ğŸ¶, Hip-Hop/Rap ğŸ¤, Electronic/Dance ğŸ§‘â€ğŸ¤, Others",Yes,Music that matches my mood,song_3,Addicted - overrated,Addicted,overrated,4,3,2,2,3,2,2,2,2,3,2.75,2.4
229,4/4/2025 1:05:17,21,Female,1-2 hours,"Pop ğŸ¶, Hip-Hop/Rap ğŸ¤, Electronic/Dance ğŸ§‘â€ğŸ¤, Others",Yes,Music that matches my mood,song_3,Trying to be cool - Phoenix,Trying to be cool,Phoenix,5,3,5,2,5,4,3,3,4,3,4.75,3.0
230,4/4/2025 1:06:43,23,Male,3-4 hours,"Pop ğŸ¶, Rock ğŸ¸, Electronic/Dance ğŸ§‘â€ğŸ¤",Yes,Music that matches my mood,song_3,PJ - Everything in its right place,PJ,Everything in its right place,5,4,4,2,4,2,3,1,4,1,4.25,2.0
231,4/4/2025 1:06:59,22,Male,1-2 hours,"Rock ğŸ¸, Hip-Hop/Rap ğŸ¤, Classical ğŸ», Others",No,Music that matches my mood,song_3,I believe to my soul - Ray Charles,I believe to my soul,Ray Charles,4,1,5,3,5,2,5,1,4,2,4.5,1.8
232,4/4/2025 1:07:01,21,Female,3-4 hours,"Pop ğŸ¶, Hip-Hop/Rap ğŸ¤",No,Music that matches my mood,song_3,"Dance into the moonlight, Jael","Dance into the moonlight, Jael",,3,2,4,3,4,4,1,2,2,3,3.25,2.8
233,4/4/2025 1:07:44,21,Male,1-2 hours,"Pop ğŸ¶, Hip-Hop/Rap ğŸ¤, Classical ğŸ», Jazz ğŸ·",Yes,I don't listen to music when feeling down,song_3,Bul ma miin Orchestra Baobab ,Bul ma miin Orchestra Baobab ,,5,2,4,4,3,3,2,2,2,1,3.5,2.4
234,4/4/2025 1:10:49,20,Male,Less than 1 hour,"Pop ğŸ¶, Rock ğŸ¸, Hip-Hop/Rap ğŸ¤, Others",Yes,Music that contrasts with my mood,song_3,HERE WE GO! - Lil Nas X,HERE WE GO!,Lil Nas X,5,4,5,3,4,2,3,1,3,3,4.25,2.6
235,4/4/2025 1:12:40,22,Male,Less than 1 hour,"Rock ğŸ¸, Hip-Hop/Rap ğŸ¤, Electronic/Dance ğŸ§‘â€ğŸ¤",No,Music that contrasts with my mood,song_3,Kids arent alright-The offspring,Kids arent alright,The offspring,3,3,4,3,4,4,3,3,3,3,3.5,3.2
236,4/4/2025 1:13:11,20,Female,More than 5 hours,"Pop ğŸ¶, Rock ğŸ¸, Hip-Hop/Rap ğŸ¤, Electronic/Dance ğŸ§‘â€ğŸ¤",Yes,Music that matches my mood,song_3,CHANCES - KAYTRANADA,CHANCES,KAYTRANADA,3,2,3,4,4,4,2,3,2,3,3.0,3.2
237,4/4/2025 1:16:32,20,Male,1-2 hours,"Pop ğŸ¶, Rock ğŸ¸, Classical ğŸ», Jazz ğŸ·, Folk ğŸª—",Yes,Music that contrasts with my mood,song_3,The Temple Of The King - Rainbow,The Temple Of The King,Rainbow,4,5,4,1,5,2,3,1,3,1,4.0,2.0
238,4/4/2025 1:19:13,22,Male,1-2 hours,"Pop ğŸ¶, Rock ğŸ¸",No,Music I always listen to,song_3,Dog days are over - Florence + the machine,Dog days are over,Florence + the machine,5,3,4,2,3,2,3,2,2,1,3.5,2.0
239,4/4/2025 1:23:03,23,Male,More than 5 hours,"Pop ğŸ¶, Rock ğŸ¸, Hip-Hop/Rap ğŸ¤, Country ğŸª‡, Classical ğŸ», Jazz ğŸ·, Folk ğŸª—, Metal ğŸ‘¨â€ğŸ¤, Electronic/Dance ğŸ§‘â€ğŸ¤, Others",No,I don't listen to music when feeling down,song_3,Lost For Words - Pink Floyd,Lost For Words,Pink Floyd,2,5,1,5,1,5,1,5,1,5,1.25,5.0
240,4/4/2025 1:23:06,55,Female,Less than 1 hour,"Country ğŸª‡, Classical ğŸ», Others",Yes,My playlist ,song_3,Diamonds,Diamonds,,1,1,3,3,2,3,2,3,1,3,1.75,2.6
241,4/4/2025 1:31:10,26,Male,1-2 hours,"Rock ğŸ¸, Country ğŸª‡, Jazz ğŸ·, Metal ğŸ‘¨â€ğŸ¤, Electronic/Dance ğŸ§‘â€ğŸ¤",Yes,Music that contrasts with my mood,song_3,DÃ­a Tres - Canseco,DÃ­a Tres,Canseco,3,1,3,2,4,2,2,2,4,2,3.5,1.8
242,4/4/2025 1:32:07,22,Male,3-4 hours,"Pop ğŸ¶, Rock ğŸ¸, Electronic/Dance ğŸ§‘â€ğŸ¤, Others",Yes,Music that matches my mood,song_3,APT - RosÃ© & Bruno Mars,APT,RosÃ© & Bruno Mars,4,4,4,2,3,4,2,4,2,3,3.25,3.4
243,4/4/2025 1:32:54,52,Male,1-2 hours,"Pop ğŸ¶, Hip-Hop/Rap ğŸ¤, Jazz ğŸ·",Yes,Music that matches my mood,song_3,Eddy Mitchell Couleur menthe Ã  lâ€™eau,Eddy Mitchell Couleur menthe Ã  lâ€™eau,,3,2,5,3,3,3,5,1,2,1,3.25,2.0
244,4/4/2025 1:36:34,22,Male,3-4 hours,"Rock ğŸ¸, Metal ğŸ‘¨â€ğŸ¤",No,The type I listen to - no distinctions,song_3,Heaven beside you - alice in chains,Heaven beside you,alice in chains,4,1,4,1,4,2,4,3,4,3,4.0,2.0
245,4/4/2025 1:37:24,20,Male,1-2 hours,"Rock ğŸ¸, Hip-Hop/Rap ğŸ¤",No,I don't listen to music when feeling down,song_3,Space bound,Space bound,,1,1,1,1,1,1,1,1,1,1,1.0,1.0
246,4/4/2025 1:40:12,20,Male,1-2 hours,"Pop ğŸ¶, Hip-Hop/Rap ğŸ¤, Electronic/Dance ğŸ§‘â€ğŸ¤",Yes,"If I'm stressed, I listen to classical music to relax. If I'm feeling down I listen to NÃ©pal",song_3,A dix - Kalash Criminel,A dix,Kalash Criminel,1,2,4,2,5,2,1,2,2,1,3.0,1.8
247,4/4/2025 1:41:12,22,Male,1-2 hours,"Rock ğŸ¸, Electronic/Dance ğŸ§‘â€ğŸ¤",Yes,Music that contrasts with my mood,song_3,Sunny Day - MR TOUT LE MONDE,Sunny Day,MR TOUT LE MONDE,4,2,3,2,4,2,3,2,4,1,3.75,1.8
248,4/4/2025 1:44:37,21,Female,More than 5 hours,"Rock ğŸ¸, Hip-Hop/Rap ğŸ¤, Classical ğŸ», Jazz ğŸ·, Electronic/Dance ğŸ§‘â€ğŸ¤",Yes,Music that matches my mood,song_3,Turquoise Galaxy - Yussef Dayes,Turquoise Galaxy,Yussef Dayes,4,1,4,1,4,3,3,2,3,2,3.75,1.8
249,4/4/2025 1:50:04,20,Male,1-2 hours,"Classical ğŸ», Others",No,Music that matches my mood,song_3,Les cosaques - Choeur de Montjoie Saint-Denis,Les cosaques,Choeur de Montjoie Saint-Denis,4,4,2,1,2,1,3,1,2,1,2.5,1.6
250,4/4/2025 1:54:34,23,Male,3-4 hours,Hip-Hop/Rap ğŸ¤,No,Music that contrasts with my mood,song_3,Somebody to You- The Vamps,Somebody to You,The Vamps,3,2,4,4,5,3,4,1,5,3,4.25,2.6
251,4/4/2025 1:55:35,23,Male,1-2 hours,"Rock ğŸ¸, Classical ğŸ», Jazz ğŸ·, Others",Yes,Sometimes music that matches my mood and sometimes music that contrasts my mood,song_3,Ready To Fly - Masayoshi Takanaka,Ready To Fly,Masayoshi Takanaka,4,4,2,2,4,3,2,2,3,2,3.25,2.6
252,4/4/2025 1:55:50,22,Male,3-4 hours,"Pop ğŸ¶, Others",Yes,Music that matches my mood,song_3,Wadibusa - Uncle Waffles,Wadibusa,Uncle Waffles,4,2,5,1,4,1,2,1,3,1,4.0,1.2
253,4/4/2025 2:11:36,25,Female,Less than 1 hour,Pop ğŸ¶,No,Music that matches my mood,song_3,Bed chem - sabrina carpenter,Bed chem,sabrina carpenter,3,3,1,5,4,4,2,1,2,5,2.5,3.6
254,4/4/2025 2:16:21,22,Male,1-2 hours,"Rock ğŸ¸, Metal ğŸ‘¨â€ğŸ¤",No,Music that matches my mood,song_3,The pretender - Foo Fighters,The pretender,Foo Fighters,3,1,4,1,4,1,2,1,1,1,3.0,1.0
255,4/4/2025 2:16:36,18,Female,3-4 hours,"Pop ğŸ¶, Hip-Hop/Rap ğŸ¤, Others",Yes,Music that matches my mood,song_3,Azul - J balvin,Azul,J balvin,3,5,3,4,2,4,4,4,3,1,2.75,3.6
256,4/4/2025 2:18:17,21,Male,Less than 1 hour,"Pop ğŸ¶, Hip-Hop/Rap ğŸ¤, Classical ğŸ», Others",Yes,Music that contrasts with my mood,song_3,Eyes Without A Face - Billy Idol,Eyes Without A Face,Billy Idol,5,4,5,3,5,5,5,4,4,3,4.75,3.8
257,4/4/2025 2:21:38,22,Female,3-4 hours,"Pop ğŸ¶, Classical ğŸ», Others",Yes,Music that matches my mood,song_3,Star - Colde,Star,Colde,2,1,2,3,3,3,4,4,4,2,2.75,2.6
258,4/4/2025 2:27:21,23,Male,1-2 hours,Others,No,I don't listen to music when feeling down,song_3,Night Scene,Night Scene,,3,3,4,4,2,4,1,2,1,1,2.5,2.8
259,4/4/2025 2:29:31,21,Male,1-2 hours,"Rock ğŸ¸, Hip-Hop/Rap ğŸ¤, Classical ğŸ», Others",Yes,Music that matches my mood,song_3,La mudanza - Bad Bunny,La mudanza,Bad Bunny,4,2,5,4,4,3,2,1,3,2,4.0,2.4
260,4/4/2025 2:31:28,22,Female,3-4 hours,"Pop ğŸ¶, Rock ğŸ¸, Hip-Hop/Rap ğŸ¤",Yes,Music that contrasts with my mood,song_3,Selfish Waltz - ateez,Selfish Waltz,ateez,5,1,5,1,3,3,3,1,5,1,4.5,1.4
261,4/4/2025 2:34:06,19,Female,1-2 hours,"Pop ğŸ¶, Hip-Hop/Rap ğŸ¤",Yes,Music that matches my mood,song_3,"82 Pressinâ€™- Mark, Haechan",82 Pressinâ€™,"Mark, Haechan",2,2,3,1,3,3,1,2,2,1,2.5,1.8
262,4/4/2025 2:34:23,22,Female,More than 5 hours,"Pop ğŸ¶, Rock ğŸ¸, Hip-Hop/Rap ğŸ¤, Classical ğŸ», Metal ğŸ‘¨â€ğŸ¤, Others",Yes,Music that matches my mood,song_3,Freak- Doja cat,Freak,Doja cat,3,1,5,1,5,3,5,1,3,1,4.0,1.4
263,4/4/2025 2:58:03,21,Female,3-4 hours,"Pop ğŸ¶, Rock ğŸ¸, Hip-Hop/Rap ğŸ¤, Classical ğŸ», Jazz ğŸ·, Others",No,Music that matches my mood,song_3,la valse de mamie - ben mazuÃ©,la valse de mamie,ben mazuÃ©,3,4,4,1,4,5,1,2,2,1,3.25,2.6
264,4/4/2025 3:00:27,25,Male,More than 5 hours,"Pop ğŸ¶, Rock ğŸ¸, Country ğŸª‡, Classical ğŸ», Metal ğŸ‘¨â€ğŸ¤, Others",Yes,Music that contrasts with my mood,song_3,Detroit - Badflower,Detroit,Badflower,3,4,1,3,2,4,3,3,2,4,2.0,3.6
265,4/4/2025 3:03:12,21,Male,1-2 hours,"Pop ğŸ¶, Hip-Hop/Rap ğŸ¤, Metal ğŸ‘¨â€ğŸ¤",Yes,Music that matches my mood,song_3,A dangerous thing - Aurora,A dangerous thing,Aurora,1,1,4,4,4,1,1,1,4,1,3.25,1.6
266,4/4/2025 3:21:20,21,Female,3-4 hours,"Pop ğŸ¶, Hip-Hop/Rap ğŸ¤",No,I don't listen to music when feeling down,song_3,Gasolina - daddy yankee,Gasolina,daddy yankee,3,1,2,1,2,2,2,1,2,1,2.25,1.2
267,4/4/2025 3:24:52,20,Female,Less than 1 hour,Pop ğŸ¶,Yes,Music that matches my mood,song_3,Wildflower - Billie Eilish,Wildflower,Billie Eilish,5,2,5,1,5,3,5,2,4,2,4.75,2.0
268,4/4/2025 3:35:50,21,Male,1-2 hours,Classical ğŸ»,Yes,Music that matches my mood,song_3,Don Juan - Richard Strauss,Don Juan,Richard Strauss,5,3,5,4,4,3,4,1,5,1,4.75,2.4
269,4/4/2025 3:46:18,21,Female,Less than 1 hour,"Pop ğŸ¶, Others",Yes,Music that contrasts with my mood,song_3,Billie Bossa Nova- Billie Eilish,Billie Bossa Nova,Billie Eilish,3,1,4,2,5,3,3,1,3,1,3.75,1.6
270,4/4/2025 4:05:40,19,Female,3-4 hours,"Pop ğŸ¶, Hip-Hop/Rap ğŸ¤, Jazz ğŸ·, Others",Yes,Music that matches my mood,song_3,Cheese and wine - DPR live ,Cheese and wine,DPR live,2,2,1,4,1,3,2,1,2,4,1.5,2.8
271,4/4/2025 4:22:41,25,Prefer not to say,Less than 1 hour,"Pop ğŸ¶, Rock ğŸ¸",Yes,Music that matches my mood,song_3,Shh...Don't Say It - Fletcher ,Shh...Don't Say It,Fletcher,4,2,4,2,5,3,4,1,4,1,4.25,1.8
272,4/4/2025 5:20:51,21,Female,1-2 hours,Others,No,Music that matches my mood,song_3,"Wait a minute! - HAAN, Chan, h3hyeon",Wait a minute!,"HAAN, Chan, h3hyeon",2,2,1,2,2,2,1,1,2,1,1.75,1.6
273,4/4/2025 6:19:35,22,Female,Less than 1 hour,"Pop ğŸ¶, Hip-Hop/Rap ğŸ¤",No,Music that matches my mood,song_3,"Galbi, LÃ©na ","Galbi, LÃ©na ",,1,4,1,2,1,4,1,4,2,3,1.25,3.4
274,4/4/2025 7:07:00,21,Male,3-4 hours,"Pop ğŸ¶, Rock ğŸ¸, Hip-Hop/Rap ğŸ¤, Jazz ğŸ·",No,Music that matches my mood,song_3,Ojos Tristes (with the MarÃ­as) - Selena Gomez ,Ojos Tristes (with the MarÃ­as),Selena Gomez,3,4,2,1,3,1,2,1,1,3,2.25,2.0
275,4/4/2025 7:14:05,22,Female,1-2 hours,"Pop ğŸ¶, Rock ğŸ¸, Others",Yes,Music that matches my mood,song_3,Thats so true,Thats so true,,3,4,2,3,3,4,4,4,3,2,2.75,3.4
276,4/4/2025 8:17:07,21,Male,1-2 hours,"Rock ğŸ¸, Hip-Hop/Rap ğŸ¤",Yes,Music that matches my mood,song_3,"On tombe, on rÃ©essaye - BEN plg ","On tombe, on rÃ©essaye",BEN plg,2,4,2,4,2,1,1,3,3,4,2.25,3.2
277,4/4/2025 8:37:52,22,Prefer not to say,3-4 hours,"Pop ğŸ¶, Hip-Hop/Rap ğŸ¤, Country ğŸª‡, Jazz ğŸ·, Folk ğŸª—, Electronic/Dance ğŸ§‘â€ğŸ¤, Others",Yes,"Both 1,2",song_3,Nostalgic -NoGuidnce,Nostalgic,NoGuidnce,3,4,4,2,2,5,3,4,4,5,3.25,4.0
278,4/4/2025 11:38:33,22,Female,3-4 hours,"Pop ğŸ¶, Rock ğŸ¸, Hip-Hop/Rap ğŸ¤, Others",Yes,Music that matches my mood,song_3,Mona Lisa (jhope),Mona Lisa (jhope),,4,3,4,4,3,2,2,2,1,4,3.0,3.0
279,4/4/2025 11:48:24,22,Male,Less than 1 hour,"Electronic/Dance ğŸ§‘â€ğŸ¤, Others",No,I don't listen to music when feeling down,song_3,Les terres saintes - ???,Les terres saintes,???,4,5,2,1,4,1,5,1,2,2,3.0,2.0
280,4/4/2025 12:09:08,21,Male,1-2 hours,Hip-Hop/Rap ğŸ¤,No,Music that matches my mood,song_3,No Role Model - J.Cole,No Role Model,J.Cole,1,1,4,1,3,4,1,1,1,1,2.25,1.6
281,4/4/2025 12:41:02,23,Female,1-2 hours,"Pop ğŸ¶, Rock ğŸ¸, Hip-Hop/Rap ğŸ¤, Classical ğŸ», Jazz ğŸ·, Metal ğŸ‘¨â€ğŸ¤, Electronic/Dance ğŸ§‘â€ğŸ¤",Yes,Music that contrasts with my mood,song_3,PandÃ©monium - Vald,PandÃ©monium,Vald,4,2,4,3,4,2,3,1,4,2,4.0,2.0
282,4/4/2025 13:50:20,22,Female,3-4 hours,"Pop ğŸ¶, Rock ğŸ¸, Others",No,Music that matches my mood,song_3,Only Friend - Wallows,Only Friend,Wallows,2,5,3,3,2,5,2,2,3,3,2.5,3.6
283,4/4/2025 14:49:33,21,Female,3-4 hours,"Pop ğŸ¶, Rock ğŸ¸, Hip-Hop/Rap ğŸ¤",No,Music that matches my mood,song_3,Bodies - Bryce Fox,Bodies,Bryce Fox,5,2,5,1,5,2,5,1,5,1,5.0,1.4
284,4/4/2025 15:14:47,22,Female,1-2 hours,"Pop ğŸ¶, Hip-Hop/Rap ğŸ¤",Yes,Music that contrasts with my mood,song_3,K. cigaret after sex,K. cigaret after sex,,3,2,2,4,3,4,2,2,2,4,2.5,3.2
285,4/4/2025 15:15:24,23,Male,1-2 hours,"Pop ğŸ¶, Hip-Hop/Rap ğŸ¤",Yes,Music that matches my mood,song_3,Marco Teaser Theme - Ravi Basrur,Marco Teaser Theme,Ravi Basrur,5,5,5,2,3,1,1,1,4,1,4.25,2.0
286,4/4/2025 15:25:54,24,Female,1-2 hours,"Pop ğŸ¶, Rock ğŸ¸, Folk ğŸª—, Electronic/Dance ğŸ§‘â€ğŸ¤",No,Music that contrasts with my mood,song_3,Castle on the Hill - Ed Sheeran,Castle on the Hill,Ed Sheeran,4,2,3,1,2,4,3,2,1,1,2.5,2.0
287,4/4/2025 15:28:33,21,Female,1-2 hours,"Pop ğŸ¶, Jazz ğŸ·",Yes,Music that matches my mood,song_3,Doo wop - Lauryn Hilâ€™,Doo wop,Lauryn Hilâ€™,4,1,4,2,4,2,1,1,3,2,3.75,1.6
288,4/4/2025 15:33:22,24,Male,3-4 hours,"Pop ğŸ¶, Rock ğŸ¸, Hip-Hop/Rap ğŸ¤, Others",Yes,Music that matches my mood,song_3,Self love-Metro Boomin,Self love,Metro Boomin,4,2,4,2,5,4,4,3,4,2,4.25,2.6
289,4/4/2025 15:44:04,21,Female,1-2 hours,"Hip-Hop/Rap ğŸ¤, Others",Yes,Music that matches my mood,song_3,Eternal Sunshine Deluxe: Brighter Days Ahead - Ariana Grande ,Eternal Sunshine Deluxe: Brighter Days Ahead,Ariana Grande,2,2,2,3,2,3,1,1,1,2,1.75,2.2
290,4/4/2025 15:53:38,29,Female,More than 5 hours,"Pop ğŸ¶, Rock ğŸ¸, Electronic/Dance ğŸ§‘â€ğŸ¤, Others",No,Music that matches my mood,song_3,"Sunset Blvd - Selena Gomez, Benny Blanco",Sunset Blvd,"Selena Gomez, Benny Blanco",3,4,4,3,3,2,2,1,2,3,3.0,2.6
291,4/4/2025 16:01:22,31,Male,1-2 hours,"Pop ğŸ¶, Rock ğŸ¸, Jazz ğŸ·, Electronic/Dance ğŸ§‘â€ğŸ¤, Others",No,Music that matches my mood,song_3,å˜˜æœˆ - Yorushika,å˜˜æœˆ,Yorushika,4,1,3,1,3,1,3,1,4,2,3.5,1.2
292,4/4/2025 16:21:39,17,Male,1-2 hours,"Pop ğŸ¶, Rock ğŸ¸, Hip-Hop/Rap ğŸ¤, Electronic/Dance ğŸ§‘â€ğŸ¤",No,no specific type,song_3,Uragirimono Requiem - Yugo Kanno,Uragirimono Requiem,Yugo Kanno,3,2,4,2,4,2,2,1,3,3,3.5,2.0
293,4/4/2025 17:10:37,21,Female,1-2 hours,"Pop ğŸ¶, Rock ğŸ¸, Hip-Hop/Rap ğŸ¤, Electronic/Dance ğŸ§‘â€ğŸ¤",No,Music that matches my mood,song_3,Disparate Youth - Santigold,Disparate Youth,Santigold,4,3,4,3,4,5,1,2,3,2,3.75,3.0
294,4/4/2025 17:25:02,22,Prefer not to say,3-4 hours,"Pop ğŸ¶, Rock ğŸ¸, Hip-Hop/Rap ğŸ¤, Country ğŸª‡, Jazz ğŸ·, Folk ğŸª—, Electronic/Dance ğŸ§‘â€ğŸ¤",Yes,taylor swift<3,song_3,the giver - chappell roan,the giver,chappell roan,3,5,4,4,4,4,4,3,4,2,3.75,3.6
295,4/4/2025 18:16:30,21,Female,1-2 hours,"Pop ğŸ¶, Others",No,Music that matches my mood,song_3,Half a Man - Dean Lewis ,Half a Man,Dean Lewis,3,1,5,1,5,2,3,1,2,2,3.75,1.4
296,4/4/2025 18:16:48,22,Male,More than 5 hours,"Electronic/Dance ğŸ§‘â€ğŸ¤, Others",No,It is the same regardless of mood. Also side note: what are the psychometrics of the scale you used in section 3?,song_3,Phurrr - Diplo & Pritam,Phurrr,Diplo & Pritam,5,5,2,3,5,5,2,5,2,5,3.5,4.6
297,4/4/2025 18:18:01,16,Female,More than 5 hours,"Pop ğŸ¶, Hip-Hop/Rap ğŸ¤, Folk ğŸª—, Others",Yes,Both that match my mood and that contrast with it.,song_3,Shiver Asha Banks,Shiver Asha Banks,,2,4,5,4,3,4,3,1,4,4,3.5,3.4
298,4/4/2025 18:21:58,21,Female,1-2 hours,"Pop ğŸ¶, Rock ğŸ¸, Hip-Hop/Rap ğŸ¤",Yes,Music that matches my mood,song_3,Headlock - Imogen Heap,Headlock,Imogen Heap,2,1,2,1,3,1,1,1,3,1,2.5,1.0
299,4/4/2025 18:51:45,19,Female,3-4 hours,Pop ğŸ¶,Yes,Answer 1 and 2,song_3,You are the reason - Calum Scott,You are the reason,Calum Scott,3,4,2,3,3,4,2,2,4,4,3.0,3.4
300,4/4/2025 18:55:06,26,Male,3-4 hours,"Pop ğŸ¶, Electronic/Dance ğŸ§‘â€ğŸ¤",Yes,Music that contrasts with my mood,song_3,Genesis - Justice,Genesis,Justice,4,2,3,1,4,4,3,3,4,2,3.75,2.4
301,4/4/2025 18:55:42,22,Male,Less than 1 hour,"Pop ğŸ¶, Rock ğŸ¸, Hip-Hop/Rap ğŸ¤, Classical ğŸ»",Yes,Music that contrasts with my mood,song_3,Timeless - The Weeknd,Timeless,The Weeknd,2,1,4,3,4,3,2,1,2,1,3.0,1.8
302,4/4/2025 18:56:43,22,Female,1-2 hours,"Pop ğŸ¶, Hip-Hop/Rap ğŸ¤, Classical ğŸ», Others",Yes,Music that contrasts with my mood,song_3,Murder - Hamza,Murder,Hamza,2,2,4,1,2,2,4,1,5,1,3.25,1.4
303,4/4/2025 20:24:05,21,Female,1-2 hours,"Pop ğŸ¶, Rock ğŸ¸, Hip-Hop/Rap ğŸ¤, Classical ğŸ», Jazz ğŸ·",Yes,Music that matches my mood,song_3,ZITTI E BUONI - MÃ¥neskin,ZITTI E BUONI,MÃ¥neskin,3,3,5,5,4,5,3,5,4,5,4.0,4.6
304,4/4/2025 20:27:25,30,Male,3-4 hours,"Pop ğŸ¶, Rock ğŸ¸, Hip-Hop/Rap ğŸ¤, Country ğŸª‡, Classical ğŸ», Jazz ğŸ·, Metal ğŸ‘¨â€ğŸ¤, Electronic/Dance ğŸ§‘â€ğŸ¤",Yes,Music that contrasts with my mood,song_3,Thunderstruck - AC/ DC,Thunderstruck,AC/ DC,5,5,5,3,5,3,5,3,5,3,5.0,3.4
305,4/4/2025 21:16:58,22,Female,1-2 hours,"Pop ğŸ¶, Hip-Hop/Rap ğŸ¤",Yes,Music that matches my mood,song_3,"COEUR DE ICE - Zola, Damso",COEUR DE ICE,"Zola, Damso",4,3,5,2,4,3,5,1,4,2,4.25,2.2
306,4/4/2025 22:03:09,18,Male,1-2 hours,"Pop ğŸ¶, Classical ğŸ», Others",Yes,"Both rep 1 and 3, depend of the moment",song_3,Toxic till the end - RosÃ©,Toxic till the end,RosÃ©,4,4,3,2,3,4,1,3,2,3,3.0,3.2
307,4/4/2025 22:52:54,18,Male,More than 5 hours,"Pop ğŸ¶, Rock ğŸ¸, Metal ğŸ‘¨â€ğŸ¤",Yes,Music that contrasts with my mood,song_3,Summertime sadness - Lana del rey,Summertime sadness,Lana del rey,5,5,5,5,5,5,5,5,5,5,5.0,5.0
308,4/4/2025 22:54:01,24,Male,Less than 1 hour,"Rock ğŸ¸, Hip-Hop/Rap ğŸ¤, Classical ğŸ», Others",Yes,I start with music that match my mood and progressively go to the mood I want to reach,song_3,Through the fire and flames - DragonForce,Through the fire and flames,DragonForce,4,3,4,4,4,3,3,3,4,4,4.0,3.4
309,4/5/2025 0:46:23,18,Male,1-2 hours,"Pop ğŸ¶, Rock ğŸ¸",Yes,Music that matches my mood,song_3,Une belle histoire - Michel Fugain,Une belle histoire,Michel Fugain,5,5,3,2,4,3,4,2,4,1,4.0,2.6
310,4/5/2025 1:21:55,21,Female,1-2 hours,"Pop ğŸ¶, Others",No,Music that contrasts with my mood,song_3,And you donâ€™t remember - Mariah Carey,And you donâ€™t remember,Mariah Carey,3,3,5,1,5,1,3,1,3,1,4.0,1.4
311,4/5/2025 1:38:34,21,Female,3-4 hours,"Pop ğŸ¶, Rock ğŸ¸, Hip-Hop/Rap ğŸ¤, Classical ğŸ», Jazz ğŸ·, Electronic/Dance ğŸ§‘â€ğŸ¤, Others",No,Music that matches my mood,song_3,Bad romance - laylow ,Bad romance,laylow,4,3,4,3,4,2,3,2,4,3,4.0,2.6
312,4/5/2025 2:04:22,19,Female,3-4 hours,"Pop ğŸ¶, Hip-Hop/Rap ğŸ¤",Yes,Music that matches my mood,song_3,Die with a smile - Bruno Mars,Die with a smile,Bruno Mars,2,1,3,1,4,3,4,1,2,2,2.75,1.6
313,4/5/2025 2:16:15,18,Male,3-4 hours,Hip-Hop/Rap ğŸ¤,Yes,Music that matches my mood,song_3,Il bat - lekchan ,Il bat,lekchan,2,3,2,2,3,4,2,3,3,3,2.5,3.0
314,4/5/2025 2:24:29,19,Female,3-4 hours,"Hip-Hop/Rap ğŸ¤, Jazz ğŸ·, Others",Yes,Music that matches my mood,song_3,Take your mask off- tyler the creator ,Take your mask off,tyler the creator,4,3,2,3,4,4,3,3,3,5,3.25,3.6
315,4/5/2025 15:47:13,20,Male,Less than 1 hour,"Pop ğŸ¶, Hip-Hop/Rap ğŸ¤, Classical ğŸ», Electronic/Dance ğŸ§‘â€ğŸ¤",Yes,Music that contrasts with my mood,song_3,A Sky Full of Stars - Coldplay,A Sky Full of Stars,Coldplay,1,1,1,2,1,2,3,3,2,3,1.25,2.2
316,4/6/2025 16:49:06,22,Male,3-4 hours,"Pop ğŸ¶, Hip-Hop/Rap ğŸ¤, Country ğŸª‡, Others",Yes,Music that matches my mood,song_3,Have a good summer (Without me) - Valley,Have a good summer (Without me),Valley,5,3,4,3,4,3,4,4,5,4,4.5,3.4
317,4/7/2025 20:15:22,20,Female,1-2 hours,"Pop ğŸ¶, Rock ğŸ¸",Yes,Music that contrasts with my mood,song_3,Sugar - Maroon 5,Sugar,Maroon 5,3,1,2,1,2,1,1,1,1,1,2.0,1.0
318,4/7/2025 20:18:26,19,Prefer not to say,More than 5 hours,"Pop ğŸ¶, Rock ğŸ¸, Jazz ğŸ·, Electronic/Dance ğŸ§‘â€ğŸ¤",No,"I just put random music as bgm, not intentionally choosing",song_3,GPT - StayC,GPT,StayC,5,3,3,3,4,3,2,1,1,1,3.25,2.2
319,4/7/2025 20:23:35,23,Male,1-2 hours,"Pop ğŸ¶, Rock ğŸ¸, Metal ğŸ‘¨â€ğŸ¤",Yes,My songlist randomly ,song_3,Best Friend 4ever- serious bacon,Best Friend 4ever,serious bacon,4,3,4,2,4,4,5,2,4,4,4.0,3.0
320,4/7/2025 20:54:53,22,Male,1-2 hours,"Pop ğŸ¶, Rock ğŸ¸, Jazz ğŸ·",Yes,Music that contrasts with my mood,song_3,Apple pie - Lizzy McAlpine,Apple pie,Lizzy McAlpine,4,3,2,2,4,5,3,3,3,2,3.25,3.0
321,4/7/2025 21:42:12,21,Female,1-2 hours,"Pop ğŸ¶, Rock ğŸ¸, Hip-Hop/Rap ğŸ¤",Yes,relaxing music,song_3,BLUE/BIGBANG,BLUE/BIGBANG,,1,1,1,2,2,1,2,3,3,2,1.75,1.8
322,4/7/2025 21:54:10,23,Female,1-2 hours,"Pop ğŸ¶, Rock ğŸ¸, Metal ğŸ‘¨â€ğŸ¤",Yes,Music that I want to listen at that time (It can be matches my mood or contrast with my mood),song_3,"Just awake - Fear, and Loathing in Las Vegas",Just awake,"Fear, and Loathing in Las Vegas",3,3,3,4,4,4,3,2,4,2,3.5,3.0
323,4/7/2025 22:16:30,23,Female,1-2 hours,"Pop ğŸ¶, Hip-Hop/Rap ğŸ¤, Others",Yes,Music that matches my mood,song_3,Die for me - Chase Atlantic,Die for me,Chase Atlantic,3,2,4,3,3,2,2,4,3,2,3.25,2.6
324,4/7/2025 22:45:09,22,Female,1-2 hours,Pop ğŸ¶,No,I don't listen to music when feeling down,song_3,espresso,espresso,,2,1,2,1,1,2,2,2,1,1,1.5,1.4
325,4/8/2025 9:29:48,19,Female,3-4 hours,"Pop ğŸ¶, Rock ğŸ¸, Classical ğŸ», Metal ğŸ‘¨â€ğŸ¤",Yes,Music that contrasts with my mood,song_3,Caramel - Sleep Token,Caramel,Sleep Token,4,2,5,2,4,3,3,3,4,2,4.25,2.4
326,4/8/2025 17:38:51,21,Male,3-4 hours,"Pop ğŸ¶, Rock ğŸ¸, Hip-Hop/Rap ğŸ¤, Country ğŸª‡, Classical ğŸ», Jazz ğŸ·, Folk ğŸª—, Metal ğŸ‘¨â€ğŸ¤, Electronic/Dance ğŸ§‘â€ğŸ¤, Others",Yes,Music that contrasts with my mood,song_3,One Kiss Calvin Harris & Dua Lipa,One Kiss Calvin Harris & Dua Lipa,,3,4,3,4,4,3,3,4,3,3,3.25,3.6
